title,predicted_1st_model_sonnet,confidence_2nd_model_gpt4o,actual_opus
#_# Big Blue Box - Sweetish,Branded,0.0,Branded
HOLLO MAT3125*5,Branded,0.0,Branded
TG-Party Snacks 35G Pouch,Branded,0.0,Branded
2 Cp-Snacc,Branded,0.0,Branded
QT Rail,Branded,0.0,Branded
Bandan Cap,Branded,0.0,Branded
Paper Cup 350ml (10'' Oz) FLYP,Branded,0.0,Branded
Q-com Teacake Blister Tray,Branded,0.0,Branded
Infinite - Eggless Choco Lava Cake Premix 1 Kg Ambient 148873,Branded,0.0,Branded
EVD DAIRY WHITENER 1 KG,Branded,0.0001,Branded
UH ZUCCHINI GREENSMALL DICE1 KG / BAG,Branded,0.0001,Branded
Tea flask - 250 ML -Outer coorugated Box-Snacc,Branded,0.0001,Branded
Timmys Food Bag,Branded,0.0001,Branded
Chicken Tikka filling-Snacc,Branded,0.0001,Branded
Outer Bag SOS 70 GSM - Snacc,Branded,0.0001,Branded
#_# Frozen Chonk O Rocher - Chonkers,Branded,0.0001,Branded
Zukni Green,Branded,0.0001,Branded
SP Thundercrush French Fries 9mm,Branded,0.0001,Branded
#_# Slide Tru Hamper Box OF 4 Outer - The Tiny Tub,Branded,0.0001,Branded
Kcco Tray Big,Branded,0.0002,Branded
TOP COVER OF BOX 750 ML SALADSPOINT,Branded,0.0002,Branded
Finagel,Branded,0.0002,Branded
#_# Caramelo Banditos Dough - Cookie Cartel,Branded,0.0002,Branded
Sandburgs Truffle Barbeque sauce (500 gram),Branded,0.0002,Branded
Dollur Amla Jar,Branded,0.0003,Branded
Sargvo-Drumsticks,Branded,0.0003,Branded
Butter Croissant-Snacc,Branded,0.0003,Branded
Nam Shop Sticker   Prawn Crackers Large,Branded,0.0003,Branded
Active X Mustard Oil 500mL,Branded,0.0003,Branded
#_# Frozen OG Chocolate Chip Chonker - Chonkers,Branded,0.0004,Branded
#_# Cacao Crispy - Ether,Branded,0.0005,Branded
Aampanna juice 150ml,Branded,0.0005,Branded
Triplesec,Branded,0.0006,Branded
#_# Greeting Card - Sassy Teaspoon,Branded,0.0006,Branded
#_# Baked Oregano Cheese Matthi - Genda Phool,Branded,0.0006,Branded
Gulab Jamun (Wyn),Branded,0.0007,Branded
Kiley Soda 250 ML - SNACC,Branded,0.0007,Branded
Wrapper Yellow (12x12) for FLYP,Branded,0.0007,Branded
#_# Black Ceaser Dough - Cookie Cartel,Branded,0.0008,Branded
Quarry And Tile Floor Cleaner (120X2Oz),Branded,0.0009,Branded
White sesame Seeds 100G - Sancc,Branded,0.0009,Branded
#_# Tag - Gluten-free Paleo Cookies - Le Four,Branded,0.0015,Branded
#_# Eggless Chocolate Chip Pound Cake - Sweetish,Branded,0.0016,Branded
BANARASI LAL PEDA-200 Gms,Branded,0.0016,Branded
Shudh Garhwal - Khoya Pindi 1KG,Branded,0.0022,Branded
Breakfast Sugar Trust 1 Kg,Branded,0.0023,Branded
Blue Pine Artesian Water - 750 ML - GST @18 %,Branded,0.0023,Branded
N20 Whipped Cream Chargers,Branded,0.0026,Branded
11.5x11.5 (Round) Sandhouse Butter paper (40GSM),Branded,0.0028,Branded
RTE-Seths - Chinese Ready Schezwan Sauce (Frozen) 1 Kg,Branded,0.0033,Branded
#_# Sugar Free Coffee Almond Ice Cream Tub (125 ml) - Bina,Branded,0.0046,Branded
Prepit Hyderabad Biriyan 1 kg,Branded,0.005,Branded
#_# XYLITOL Chocolate Hazelnut Icecream (600ML) - Bina,Branded,0.0056,Branded
#_# Sakura Blossom Gateaux (125 Gms) - Ether,Branded,0.0058,Branded
Non Veg Spring Rolls -SNACC,Branded,0.0062,Branded
#_# Cookies and Cream Ice-cream Tub (100ml) - Meemees,Branded,0.0063,Branded
San Marzano - Pomace Olive Oil,Branded,0.0069,Branded
POCHA (MOP),Branded,0.0072,Branded
#_# Sugar Free Chocolate Hazelnut Ice Cream Tub (125 ml) - Bina,Branded,0.0076,Branded
#_# Hamper Box Of 2 Outer  - The Tiny Tub,Branded,0.0076,Branded
Dhania Pudina Chutney-SNACC,Branded,0.0157,Branded
EASTMADE - CUMIN (JEERA) 1 KG,Branded,0.0191,Branded
GK-Miami Waffle Pizza Pkg Box 1PKT 100PC GK Dry 137504,Branded,0.0197,Branded
Mixed Veg Pickle (5 kg)-Snacc,Branded,0.0241,Branded
Milkhana Melted Cheese,Branded,0.0248,Branded
"Newtrition - Lemon Ginger, 500 ML",Branded,0.0256,Branded
Shresth Gold Milk 500 Ml,Branded,0.0302,Branded
Ciclo Printed Cake Box 2Pc,Branded,0.0759,Branded
Twinning Lemon Tea,Branded,0.0888,Branded
#_# Cone - Dark Chocolate [ 120 ml ] - Getaway,Branded,0.0967,Branded
#_# Big Bag - Stroopie,Branded,0.0995,Branded
Pizza Base 8 inch Whole Wheat Pan Crust (Junos),Branded,0.1112,Branded
GK - Infinite Food - Strawberry Smoothie Premix Powder (58 G x 15 sachet),Branded,0.1312,Branded
SAMSEER MARK,Branded,0.15,Branded
#_# Caramelo Banditos Sticker - Cookie Cartel,Branded,0.1624,Branded
CELLOFIN PAPER,Branded,0.1733,Branded
SLEEVES 750 ML BAGASSE CATERSPOINT,Branded,0.2095,Branded
Rice Flat Noodle 10mm   500g pkt   How How,Branded,0.2568,Branded
COKE CANE,Branded,0.2878,Branded
#_# Guava Pop (70 ML) - Noto,Branded,0.4036,Branded
TL Hitachi UX Makeup 800ml,Branded,0.4263,Branded
Long Note Book 200 Pgs Chandras SB,Branded,0.4571,Branded
3 EASTMADE - BLACK PAPER WHOLE (KALI MIRCH),Branded,0.4883,Branded
MRD Stickers,Branded,0.539,Branded
XO Sauce Sticker,Branded,0.5964,Branded
Chilled Chicken Thigh Boneless 1 kg (Rsons),Branded,0.6442,Branded
A-005 Grill and Oven Cleaner ACTON,Branded,0.6584,Branded
#_# The Godfather (Reeses peanut butter cup) Cookie Dough - Cookie Cartel,Branded,0.6619,Branded
GK-NY Pan Cake Sp Pkg Box 1PKT 100PC GK Dry 137497,Branded,0.6723,Branded
Jain Hing Powder,Branded,0.6826,Branded
Fryola Oil,Branded,0.7217,Branded
Teqila Blanco Don Angel 750 Ml,Branded,0.7402,Branded
NONBROMITE BREAD IMPROVER 1 KG 0157,Branded,0.7432,Branded
#_# Griselda's Red Velvet Sticker (Eggless) - Cookie Cartel,Branded,0.7432,Branded
#_# Pink Dome Box 1/2 Kg - Sassy Teaspoon,Branded,0.8105,Branded
Classic Ice Burst 10 Nos,Branded,0.8245,Branded
"RTE-Seths - Chinese Ready Schezwan Sauce (Frozen), 1 Kg BB0009",Branded,0.8355,Branded
#_# Wooden Spoon - Amore,Branded,0.8376,Branded
Pizza Platter Butter Paper 16*9,Branded,0.848,Branded
GFB Mushroom Patty,Branded,0.85,Branded
Golden Dust,Branded,0.8808,Branded
Windmill Potato starch,Branded,0.8824,Branded
Star Papad,Branded,0.8888,Branded
Wonder Wipe (3pc),Branded,0.8991,Branded
Sarwar Onion Powder 450gm,Branded,0.8991,Branded
Boba Lychee can,Branded,0.9046,Branded
#_# SIERRA 72% Dark Chocolate Bar - Ether,Branded,0.923,Branded
VIKRAM - CHAKKI ATTA 30 KG,Branded,0.9274,Branded
Habit Olives Green Pitted 3Kg,Branded,0.9325,Branded
#_# French Vanilla (100 ml) - Go Zero,Branded,0.9334,Branded
Texmex cheese sauce,Branded,0.9372,Branded
#_# Assorted Roleys (Box of 6) - Meemees,Branded,0.9399,Branded
110 Ml Tea paper cup-Snacc,Branded,0.9417,Branded
Sriracha (570gm bottle),Branded,0.9417,Branded
#_# Rocky Road Ice-cream Tub (100ml) - Meemees,Branded,0.945,Branded
#_# Kesar Peda 500gms - Genda Phool,Branded,0.9566,Branded
Hungritos Permium without Skin On Fries 9Mm,Branded,0.9759,Branded
Flow Wrap Rolls - Raspberry Duet (60 ml),Branded,0.9781,Unbranded
#_# Box of 20 Assorted Ganaches - La Folie,Branded,0.98,Branded
#_# Chocolate Fudge Overload (NAS) 500 ml - Frozen Fun,Branded,0.9826,Branded
SAKURA DRIED SHITAKE MUSHROOM,Branded,0.9828,Branded
Wonder Wipes,Branded,0.9831,Branded
Grated mozzarella New Onesta,Branded,0.9838,Branded
Ziplock Bags,Branded,0.9841,Branded
Food Colours Splash 200g Assorted,Branded,0.9855,Branded
Delmonte - Eggless Mayo,Branded,0.9888,Branded
#_# COCO 40% Dark Chocolate - Ether,Branded,0.9903,Branded
Chefs Art - Jamaican Jerk Seasoning 400 gm,Branded,0.9903,Branded
UCC 2door 3drawer + raised BM + 1/6gnx6,Branded,0.9909,Unbranded
TT RIBBAN J304 (110MM X 300MTR),Branded,0.9947,Unbranded
Economy - Staff Toor Dal 1 Kg (Non IP) 131965,Branded,0.9961,Unbranded
#_# BC - Aam Ice Cream [300ML] - BICO,Branded,0.9963,Branded
#_# Plain Milk Chocolate Bar 41% [65 g] - Entisi Chocolatier,Branded,0.997,Branded
Camino Real Gold 750Ml,Branded,0.9972,Branded
Chefs Art - Piri Piri Sprinkler 250 gm 51189,Branded,0.9972,Branded
Cello Tape 1,Branded,0.9972,Branded
CELLO TAPE BIG PLAIN 3 INCH,Branded,0.9976,Branded
#_# Tender Coconut Litchi Ice Pop - Getaway,Branded,0.9976,Branded
Cutlery Set The Cake Story,Branded,0.9977,Branded
#_# Sticker - Momo Kitchen 40mm - Prasuma,Branded,0.9981,Branded
#_# Baked Salted Caramel Cheesecake - Sassy Teaspoon,Branded,0.9984,Branded
STICKERS WVF COLD VARAVRAGE - THINK ORIGINS HAZELNUT COLD FILTER COFFEE FSSAI,Branded,0.9985,Branded
HING (LG),Branded,0.9986,Branded
Silken Tofu 300g Voila,Branded,0.9986,Branded
#_# French Vanilla (500 ml) - Go Zero,Branded,0.9986,Branded
#_# Mango Biscoff Tub - Sassy Teaspoon,Branded,0.9987,Branded
Thai Jasmine Rice 2kg pkt MBK,Branded,0.9988,Branded
Micks Lotus Biscoff Biscuit,Branded,0.999,Branded
SDU Deva Chardonnay White wine 750ml,Branded,0.9991,Branded
#_# Container lid - PMK Round Paper 500 ML Plastic - Prasuma,Branded,0.9992,Branded
Chef's Art - Crispy Cajun Breading Mix 1 Kg H51176,Branded,0.9992,Branded
Maida Kesari Brand 50kgs,Branded,0.9993,Branded
DAILY FRESH MILLETS IDLI AND DOSA BATTER POUCH 1/2KG,Branded,0.9995,Branded
Rice flour Vijay 1KG-SNACC,Branded,0.9996,Branded
Ajinomoto (Golden Crown),Branded,0.9996,Branded
#_# Jar - Death By Chocolate - Getaway,Branded,0.9997,Branded
Lotus Flour,Branded,0.9997,Branded
GTC Pizza Box 9x9,Branded,0.9998,Branded
ATTA GANGA,Branded,0.9998,Branded
#_# Double Chocolate Chip Cookie Premix - 8 pcs - Sweetish,Branded,0.9998,Branded
NATURESMITH PAPRIKA POWDER 60GM,Branded,0.9998,Branded
coke 250ml bgl entperises aahar sale (Pack of 28),Branded,0.9999,Branded
Agnessi Penne Pasta,Branded,0.9999,Branded
#_# Square Butter Paper - Le Four,Branded,0.9999,Branded
Termocool morded box,Branded,0.9999,Branded
#_# Pista Kulfi Stick (70 ml) - Go Zero,Branded,0.9999,Branded
#_# Sticker - Sauce Dip Sticker Crunchy Chilli Oil - Prasuma,Branded,0.9999,Branded
Coconut milk powder maggi,Branded,0.9999,Branded
#_# Chocolate Coated Salted Pistachio Dragees Jar [120 grams] - Entisi Chocolatier,Branded,0.9999,Branded
#_# Cube Pouches - Entisi Chocolatier,Branded,0.9999,Branded
CARNATTION MILK  405 GM ( EVAPORATED MILK ),Branded,1.0,Branded
Chuk Plate 11,Branded,1.0,Branded
tanquery gin 750,Branded,1.0,Branded
DAILY FRESH SPROUTED PESARATTU BATTER POUCH 1/2KG,Branded,1.0,Branded
Sumabrite Degreaser nd Heavy duty cleaner (break up HD),Branded,1.0,Branded
DV Grenadine Syrup 750 ml,Branded,1.0,Branded
Malas strawberry crush 750ml,Branded,1.0,Branded
PERFECT NO-BAKE CHEESECAKE MIX (1KG),Branded,1.0,Unbranded
#_# Baguette Sourdough - La folie,Branded,1.0,Branded
Ajinomato,Branded,1.0,Branded
Knor Aromat Seasoning,Branded,1.0,Branded
Good Night Machine,Branded,1.0,Branded
Colin (Glass Cleaner),Branded,1.0,Branded
Rasila Rajma - Outsource,Branded,1.0,Branded
Malas Orange Crush 750ml,Branded,1.0,Branded
Panini Bread Outer Sticker (CBTL),Branded,1.0,Branded
#_# FC - Orange Popsicle Ice Cream [70 Ml] - Noto,Branded,1.0,Branded
Fruit Filling Mango Delta,Branded,1.0,Branded
"Sakthi - Kulambu Chilli powder, 500gm",Branded,1.0,Branded
HARPIC,Branded,1.0,Branded
ROOH AFZA,Branded,1.0,Branded
Taski Suma Ultra (L2) 5L Can,Branded,1.0,Branded
Red Malka (Lal Masoor) Rajdhani,Branded,1.0,Branded
AASHIRVAAD - ATTA 10 KG BAG,Branded,1.0,Branded
Cocoa powder (Medium Brown) Vanhouten,Branded,1.0,Branded
Kit Kat,Branded,1.0,Branded
Beer Non Alcoholic 330 ml - Coolberg (Ginger Flavour),Branded,1.0,Branded
Perrier Water 330mL,Branded,1.0,Branded
TASKI R3,Branded,1.0,Branded
VKL PERI PERI MARINADE,Branded,1.0,Branded
SUMA TAB CHLORINE,Branded,1.0,Branded
MDH Chana Masala,Branded,1.0,Branded
Griffith Hot Chilli Marinade,Branded,1.0,Branded
Real Pineapple Juice,Branded,1.0,Branded
Premix Egg Free Chocolate Make: pillsbury,Branded,1.0,Branded
PASSION FRUIT SYRUP(1 LTR) Foodoo,Branded,1.0,Branded
Cambro Polycarbonate GN Pan 1/2 200mm,Branded,1.0,Branded
Mother Dairy milk,Branded,1.0,Branded
SPRITE 250ML,Branded,1.0,Branded
HARPIC LIQUID,Branded,1.0,Branded
#_# PMK Veg Hakka Noodles 250gm - Prasuma,Branded,1.0,Branded
#_# Classic Vanilla Minis Sugar Free Ice cream [09 pieces] - Noto,Branded,1.0,Branded
Bru Coffee 500g,Branded,1.0,Branded
Nestle Milk Powder 1KG,Branded,1.0,Branded
Cookies Caramel 6kg ( Mec3-14772),Branded,1.0,Branded
Pesto Pistachio 2.5kg (Mec3-14755),Branded,1.0,Branded
Coke 750 Ml,Branded,1.0,Branded
Possmei Taro Powder Premix 1kg pkt,Branded,1.0,Branded
#_# Mango Kulfi 300gm - Parsi Dairy Farm,Branded,1.0,Branded
Scotch Brite - Rubber Kitchen Gloves,Branded,1.0,Branded
SCOTCH BRITE  JUNA,Branded,1.0,Branded
Biscoff Biscuit Lotus,Branded,1.0,Branded
President Butter Unsalted 500gm,Branded,1.0,Branded
Taski R5 5ltr,Branded,1.0,Branded
Lobo - 5 Spice Powder 65 gm 51547,Branded,1.0,Branded
Maggi Seasoning Sauce 680Ml,Branded,1.0,Branded
J and B Rare,Branded,1.0,Branded
Twinings strawberry green tea,Branded,1.0,Branded
Madhusudan Butter,Branded,1.0,Branded
Soda Water Kinley 750 ml,Branded,1.0,Branded
#_# Soaked Chia - The Whole Truth,Branded,1.0,Branded
#_# Tango Mango - Anando,Branded,1.0,Branded
MAPRO BLACK CURRANT 1 LTR,Branded,1.0,Branded
BARDINET BRANDY 1000 ML,Branded,1.0,Branded
Soda Kinley,Branded,1.0,Branded
SCOTCH BRITE - SOFT SPONGE,Branded,1.0,Branded
HAMDARD ROOHAFZA 750ML,Branded,1.0,Branded
#_# The Berry Good Bar 72% [Chocolate Bar] - La Folie,Branded,1.0,Branded
#_# Blueberry Greek Yogurt Minis Guilt Free Ice Cream [09 pieces] - Noto,Branded,1.0,Branded
GK-Morde - Hazelnut Chocopaste 1 Kg 140027,Branded,1.0,Branded
Fortune Aata,Branded,1.0,Branded
Goodlife Milk 1ltr pkt Nandini,Branded,1.0,Branded
Corn Flour Weikfield,Branded,1.0,Branded
preethi xpro Duo mg-198 1300w,Branded,1.0,Branded
Tea Powder   Red Label 1kg pkt,Branded,1.0,Branded
Oat Milk AltCo. 200 ml,Branded,1.0,Branded
Cremica Chef Choice Mayo,Branded,1.0,Branded
Cheddar White Wyke 2.5 Kg,Branded,1.0,Branded
Tropicana Orange Juice 1 Ltr,Branded,1.0,Branded
Hoegaarden Belgian Blanche,Branded,1.0,Branded
Chicken Broth Powder Knorr,Branded,1.0,Branded
#_# Double Cocoa Protien Bar - The Whole Truth,Branded,1.0,Branded
Sprite 300 ml,Branded,1.0,Branded
Tata Agni Dust Tea 1 kg,Branded,1.0,Branded
Amul Cheese Spread 200 Gm,Branded,1.0,Branded
MDH - White Pepper Powder 100 gm 30291,Branded,1.0,Branded
100 Pipers. 750Ml,Branded,1.0,Branded
kikkoman Soya Sauce,Branded,1.0,Branded
Coke Can 300 Ml,Branded,1.0,Branded
#_# Hazelnut Mousse Cake [500 gms] [Gluten Free] - Sassy Teaspoon,Branded,1.0,Branded
RED LABEL TEA (1 KG),Branded,1.0,Branded
Nihari Masala  (Shan),Branded,1.0,Branded
JK Copier A4 Paper,Branded,1.0,Branded
Mapro Strawberry  Berry Crush-5 Ltr,Branded,1.0,Branded
Amrut fusion single malt whisky 750 ml,Branded,1.0,Branded
Monin Peach flavour,Branded,1.0,Branded
White Pepper MDH 100 Gms,Branded,1.0,Branded
#_# Lotus Biscoff Icecream (125ML) - Bina,Branded,1.0,Branded
MILK AMUL TETRA PACK,Branded,1.0,Branded
Chicken wings Coated ( ITC ),Branded,1.0,Branded
RAJDHANI - SOOJI (1KG),Branded,1.0,Branded
Milk Powder Nestle 1 Kg,Branded,1.0,Branded
Vat 69,Branded,1.0,Branded
Cambro Polycarbonate LID for GN Pan 1/1,Branded,1.0,Branded
Macroni Rajdhani,Branded,1.0,Branded
Oaksmith,Branded,1.0,Branded
Grover Selecte Chenin Blanc 750 Ml,Branded,1.0,Branded
#_# Cothas Blend Coffee 200 Gm - Murukku,Branded,1.0,Branded
#_# Cassata (110 ml) - Go Zero,Branded,1.0,Branded
Coca cola 750ml,Branded,1.0,Branded
Taski R7 - 5ltr Can,Branded,1.0,Branded
Meat Masala MDH,Branded,1.0,Branded
Dabur Honey,Branded,1.0,Branded
Fevicol 1 Kg,Branded,1.0,Branded
Fanta Can 300ml-GST@ 28%,Branded,1.0,Branded
#_# The Great Indian Toffee 300gm - Parsi Dairy Farm,Branded,1.0,Branded
Amul Fresh Cream 1 Ltr- Exempt,Branded,1.0,Branded
MONIN VANILLA SYRUP 1 L,Branded,1.0,Branded
Harpic 500 Ml,Branded,1.0,Branded
McCain Rosti Round/ Hash Brown 1.5kg,Branded,1.0,Branded
CHANA MASALA MDH 100GM,Branded,1.0,Branded
Budweiser Premium,Branded,1.0,Branded
Thums Up 250 ml,Branded,1.0,Branded
Coffee powder Nescafe 500 gm,Branded,1.0,Branded
Kissan Tomato Sause Dip,Branded,1.0,Branded
Diversey Spray Bottles,Branded,1.0,Branded
MTR Sambar,Branded,1.0,Branded
Taski D9 (5lt),Branded,1.0,Branded
Truffle Oil Urbani 250 ml,Branded,1.0,Branded
AJINO MOTO,Branded,1.0,Branded
Ashok Besan,Branded,1.0,Branded
#_# Kulfi Insulation Bag - Parsi Dairy Farm,Branded,1.0,Branded
Natural Mineral Water Aava 500 ml,Branded,1.0,Branded
Colin Spray 500ml,Branded,1.0,Branded
MDH Pav Bhaji Masala 100 grams,Branded,1.0,Branded
#_# Motichur Laddu 500gms - Dadus,Branded,1.0,Branded
Pitambari 150 gm,Branded,1.0,Branded
GREEN CURRY PASTE NAMJAI 1 KG,Branded,1.0,Branded
AMUL CHEESE SP PLAIN,Branded,1.0,Branded
Black and White 750Ml,Branded,1.0,Branded
#_# Sweet Chilli Sauce 15g - Prasuma,Branded,1.0,Branded
Jacobs Creek Red 750Ml,Branded,1.0,Branded
Nestle Water (19 Litre),Branded,1.0,Branded
Kitchen King MDH 100 Gm- GST @ 5%,Branded,1.0,Branded
#_# Prasuma FS Tandoori Veg Momos - Prasuma,Branded,1.0,Branded
Budweiser 330Ml,Branded,1.0,Branded
Air Freshener Godrej,Branded,1.0,Branded
#_# Strawberry Kulfi 300gm - Parsi Dairy Farm,Branded,1.0,Branded
Pril Liquid,Branded,1.0,Branded
MDH Kashmiri Chilli Powder 100 grams,Branded,1.0,Branded
Vanaspati Ghee nature fresh,Branded,1.0,Branded
Monin Raspberry,Branded,1.0,Branded
Mdh Dhaniya powder 500gm,Branded,1.0,Branded
Monin Blue Curaco 700 ml,Branded,1.0,Branded
AACHI KULAMBU MILAKAI STAFF,Branded,1.0,Branded
Tropicana Mango Juice 1Ltr,Branded,1.0,Branded
Hazelnut Brownie Outer Sticker (CBTL),Branded,1.0,Branded
Rich Whipping Cream Gold,Branded,1.0,Branded
Maggi Cubes Chicken,Branded,1.0,Branded
Pitambari Powder,Branded,1.0,Branded
#_# Sticker - Mango Protein Smoothie - The Whole Truth,Branded,1.0,Branded
MONIN HAZELNUT SYRUP 1LTR,Branded,1.0,Branded
Corona Lager Beer 330 ml,Branded,1.0,Branded
Thai Tea Mix 400g packet Chatramue,Branded,1.0,Branded
#_# Misti Doi 100gm - Parsi Dairy Farm,Branded,1.0,Branded
#_# Sticker - Sauce Dip Sticker Tangy Thai Tom Yum Sauce - Prasuma,Branded,1.0,Branded
Cello Tape Green,Branded,1.0,Branded
Harpic 500 ml,Branded,1.0,Branded
Parry Sugar White,Branded,1.0,Branded
ITC Long Note Book 160 pages hard,Branded,1.0,Branded
SCOTCH BRITE (4 IN 1),Branded,1.0,Branded
Ketel One Vodka 750 ml,Branded,1.0,Branded
Hoegaarden,Branded,1.0,Branded
Coca Cola 180ML (Pack of 36PCS),Branded,1.0,Branded
ANANDA PANEER 1 KG,Branded,1.0,Branded
Aavin Milk,Branded,1.0,Branded
ANGOSTURA Aromatic bitters (200ML),Branded,1.0,Branded
Sriracha Hot Chilli Sauce Flying Goose 730 gm,Branded,1.0,Branded
Royal Challenge,Branded,1.0,Branded
VKL- Peri Peri Marinade 1Kg,Branded,1.0,Branded
Possmei Passion Fruit Syrup 2.5Kg bottle,Branded,1.0,Branded
#_# Cheese (Melted) - Prasuma,Branded,1.0,Branded
Kimirica White Gold Tooth Brush pack,Branded,1.0,Branded
Nutrela (1pkt),Branded,1.0,Branded
Tastecraft Pistachio Flavoured Syrup 750ml,Branded,1.0,Branded
#_# Naga Chilli Sauce - Prasuma,Branded,1.0,Branded
Tata Salt 1kg,Branded,1.0,Branded
Mozzarella Cheese - Flanders,Branded,1.0,Branded
Monin Peach Syrup,Branded,1.0,Branded
BLACK PAPER,Unbranded,0.148,Unbranded
Kumatia,Unbranded,0.5039,Unbranded
STICKER SALAD,Unbranded,0.728,Unbranded
Sticker Mutton Haleem,Unbranded,0.8872,Unbranded
Napkin Bikkgane,Unbranded,0.9208,Unbranded
Staff Mustard Whole,Unbranded,0.9627,Unbranded
Mother's Day Double Chocolate Brownie box - Blinkit / Instamart,Unbranded,0.9659,Unbranded
Side Box (Crunch),Unbranded,0.985,Unbranded
Chicken PCP (Bone),Unbranded,0.9898,Unbranded
Dust Pan  Supli,Unbranded,0.9912,Unbranded
Keto Blueberry Cheesecake Ice Cream - 100 ml RM,Unbranded,0.9972,Unbranded
Dark Compound Co D15 500Gms,Unbranded,0.9981,Unbranded
Cantener Half,Unbranded,0.9984,Unbranded
Chocolate Hamper 1864,Unbranded,0.999,Unbranded
Carrot Beans Poriyal(ME)-A-BAN,Unbranded,0.999,Unbranded
YU001517 Sensor Magnetiv 2 Nc,Unbranded,0.9991,Unbranded
Plain Container - Classic Cassata (110 ml),Unbranded,0.9993,Unbranded
Butter Scotch DF Bite,Unbranded,0.9995,Unbranded
AANCH COVER,Unbranded,0.9996,Unbranded
COLOUR CODE DOTT TUES,Unbranded,0.9996,Unbranded
T Shirt Black NM M38,Unbranded,0.9996,Unbranded
Maida DFM 50 Kg Unbrand,Unbranded,0.9997,Unbranded
Pillar,Unbranded,0.9997,Unbranded
Maraschino Cherry 737 Gms,Unbranded,0.9997,Unbranded
Italian Focassia Polly Bag 8 x 10 Inch,Unbranded,0.9998,Unbranded
PG-Paper Tub Lids,Unbranded,0.9998,Unbranded
TL Slicer Cutter,Unbranded,0.9998,Unbranded
CHAPAD HEAVY,Unbranded,0.9998,Unbranded
Ro 48,Unbranded,0.9999,Unbranded
SPINCACH,Unbranded,0.9999,Unbranded
ROW - Barcode Lable 50mmX25mm Non Tearable,Unbranded,0.9999,Unbranded
Poly Veg logo1500&#215;23,Unbranded,0.9999,Unbranded
MF White Compound CO W33,Unbranded,0.9999,Unbranded
Cotton BBK Apron,Unbranded,0.9999,Unbranded
Sharpner,Unbranded,0.9999,Unbranded
Almond Croissant Sticker (TH),Unbranded,0.9999,Unbranded
Cone Blueberry Cheesecake  110 Ml,Unbranded,0.9999,Unbranded
Ketchup,Unbranded,0.9999,Unbranded
Butter Pouch 9X12,Unbranded,0.9999,Unbranded
Burata Cheese 250 Grm,Unbranded,0.9999,Unbranded
DESERT SPOON 12GTIDY,Unbranded,0.9999,Unbranded
Yellow Color,Unbranded,0.9999,Unbranded
DISPOSIBLE GLOVES,Unbranded,0.9999,Unbranded
#_# Stirrer - Murukku,Unbranded,0.9999,Branded
Manager Shirt Pink Size-S,Unbranded,0.9999,Unbranded
Panner Fresh 1 kg,Unbranded,0.9999,Unbranded
Duster Check/Hand,Unbranded,0.9999,Unbranded
Millet Dosa Batter - ME,Unbranded,0.9999,Unbranded
7 inch Plate Chuk,Unbranded,0.9999,Unbranded
CREAM,Unbranded,0.9999,Unbranded
#_# Tar Brush (Dosa Bhatti),Unbranded,0.9999,Unbranded
Designer Dummy,Unbranded,0.9999,Unbranded
Plum Essence,Unbranded,0.9999,Unbranded
Broccoli  incremental 0.5 10301,Unbranded,0.9999,Unbranded
Milk Compound Slab M21,Unbranded,1.0,Unbranded
Sticker Veg 750 ml Container,Unbranded,1.0,Unbranded
Crunchy butterscotch PP 100ML,Unbranded,1.0,Unbranded
Chonak,Unbranded,1.0,Unbranded
HONEY GOCHUJANG SAUCE,Unbranded,1.0,Unbranded
Laddle Chinese with wooden handle 4 inch,Unbranded,1.0,Unbranded
Hand Sanitizer HS 100,Unbranded,1.0,Unbranded
Oyester Sauce- non veg,Unbranded,1.0,Unbranded
Topper,Unbranded,1.0,Unbranded
Orange Juice 1 Lltr,Unbranded,1.0,Unbranded
Spice-Peri peri seasoning,Unbranded,1.0,Unbranded
Red Raddish,Unbranded,1.0,Unbranded
MOTICHOOR LADDU 500g,Unbranded,1.0,Unbranded
Dark Chocolate Paste-NAS,Unbranded,1.0,Unbranded
Coconut Water,Unbranded,1.0,Unbranded
Baked Beans 415 Gm,Unbranded,1.0,Unbranded
Gochujang 17kg Tin,Unbranded,1.0,Unbranded
FRENCH HEARTS VINYL STICKER SET,Unbranded,1.0,Unbranded
Chicken Curry Cut,Unbranded,1.0,Unbranded
SABUDANA NYLON,Unbranded,1.0,Unbranded
Chana Black,Unbranded,1.0,Unbranded
Softy Premix Vanilla,Unbranded,1.0,Unbranded
Tawa Roti (7 inch),Unbranded,1.0,Unbranded
Kashmiri Mirch Powder,Unbranded,1.0,Unbranded
Crispy Cajun Breading Mix,Unbranded,1.0,Unbranded
Papad ( Big),Unbranded,1.0,Unbranded
Eggs,Unbranded,1.0,Unbranded
Plastic Storage Container 500ml,Unbranded,1.0,Unbranded
Korean LTO Menu,Unbranded,1.0,Unbranded
Note Pad 3x3,Unbranded,1.0,Unbranded
Malaysian Noodles ( Flat Noodles ) 1kg,Unbranded,1.0,Unbranded
Silver Pouch 6*8,Unbranded,1.0,Unbranded
PLASTIC CONTAINER-150ML,Unbranded,1.0,Unbranded
Red Chili Paste 1kg pkt,Unbranded,1.0,Unbranded
Dalchini,Unbranded,1.0,Unbranded
Stone Flower(Dagad Phool),Unbranded,1.0,Unbranded
Sweetpotato (Kanga),Unbranded,1.0,Unbranded
Tandoori paneer tikka,Unbranded,1.0,Unbranded
Brown Sugar Paste Fondant,Unbranded,1.0,Unbranded
Sambal Oelek,Unbranded,1.0,Unbranded
"Carrots/Gajar, incremental 0.5 10335",Unbranded,1.0,Unbranded
Green Tomato 1kg,Unbranded,1.0,Unbranded
Envelope,Unbranded,1.0,Unbranded
Biryani Handi 750 GM,Unbranded,1.0,Unbranded
Garbage Bag Black 30 x50,Unbranded,1.0,Unbranded
Kobij-Cabbage,Unbranded,1.0,Unbranded
DIGESTIVE BISCUITS,Unbranded,1.0,Unbranded
SS Mould Round Cutter - 12pcs,Unbranded,1.0,Unbranded
#_# Asafoetida / Hing - murukku,Unbranded,1.0,Branded
Momo Steamer,Unbranded,1.0,Unbranded
Malai Paneer Soft Loose,Unbranded,1.0,Unbranded
Potassium Sorbate,Unbranded,1.0,Unbranded
Dosa Masala Retort,Unbranded,1.0,Unbranded
PLASTIC CONTAINER 750ML,Unbranded,1.0,Unbranded
Amla Sabut Herble,Unbranded,1.0,Unbranded
Green peas,Unbranded,1.0,Unbranded
Maida Flour Premium (per kg),Unbranded,1.0,Unbranded
CUMIN WHOLE (JEERA),Unbranded,1.0,Unbranded
3CP PLATE,Unbranded,1.0,Unbranded
Red Fondant,Unbranded,1.0,Unbranded
Radish White,Unbranded,1.0,Unbranded
PUMPKIN SEEDS (1Kg Pkt),Unbranded,1.0,Unbranded
Zucchini Yellow (Premium)  incremental 0.5 10033,Unbranded,1.0,Unbranded
GARBAGE COVER SMALL 17x19 - 51 MM,Unbranded,1.0,Unbranded
Lettuce Patta,Unbranded,1.0,Unbranded
Brown Onion,Unbranded,1.0,Unbranded
Wooden Cutlery Kit,Unbranded,1.0,Unbranded
Butter Murkku,Unbranded,1.0,Unbranded
Biryani small Box (Serve -1),Unbranded,1.0,Unbranded
STICKER SHEEK KABAB,Unbranded,1.0,Unbranded
SS  NOODAL CHANNI,Unbranded,1.0,Unbranded
Flexible Plastic Bags ( 5kg Small Size - Mithai & Namkeen),Unbranded,1.0,Unbranded
Cling Film,Unbranded,1.0,Unbranded
Kale,Unbranded,1.0,Unbranded
340 MM BOPP ROLL,Unbranded,1.0,Unbranded
Kundru,Unbranded,1.0,Unbranded
Unbranded Spray Gun,Unbranded,1.0,Unbranded
3 Ply Corrugated Croissant Tray,Unbranded,1.0,Unbranded
Kung Pao Sauce 335 G,Unbranded,1.0,Unbranded
Sparkling Water,Unbranded,1.0,Unbranded
Plastic Packing Theli (PP),Unbranded,1.0,Unbranded
Red Paprika Sliced,Unbranded,1.0,Unbranded
Message Card,Unbranded,1.0,Unbranded
19 KG Commercial Cylinder,Unbranded,1.0,Unbranded
Kashmiri Chili,Unbranded,1.0,Unbranded
WOODEN SPOON 160MM (100 Pcs),Unbranded,1.0,Unbranded
Dried figs,Unbranded,1.0,Unbranded
Fried Mirchi retort,Unbranded,1.0,Unbranded
GLOVES BLUE,Unbranded,1.0,Unbranded
Quinoa 1kg,Unbranded,1.0,Unbranded
Dry Amla-Dry Gooseberry,Unbranded,1.0,Unbranded
Garbage Bag 30x50 Kg,Unbranded,1.0,Unbranded
Mangoes (Sindhura) X1KG,Unbranded,1.0,Unbranded
Masoor Whole,Unbranded,1.0,Unbranded
Jau / Ghat,Unbranded,1.0,Unbranded
Soda 750ml- @ 18%,Unbranded,1.0,Unbranded
Blue Berry 250Gs,Unbranded,1.0,Unbranded
PRINTER ROLL,Unbranded,1.0,Unbranded
Corn Flour,Unbranded,1.0,Unbranded
Sweets Milk Kalakand,Unbranded,1.0,Unbranded
KESAR,Unbranded,1.0,Unbranded
CARRY BAG 500GM,Unbranded,1.0,Unbranded
Gud,Unbranded,1.0,Unbranded
DRY ICE,Unbranded,1.0,Unbranded
White Envelope Cover,Unbranded,1.0,Unbranded
Leeks,Unbranded,1.0,Unbranded
SS GN PAN 1/3 100 MM,Unbranded,1.0,Unbranded
PLASTIC DIP BOWL 50 ML,Unbranded,1.0,Unbranded
FRENCH FRIES,Unbranded,1.0,Unbranded
BESAN,Unbranded,1.0,Unbranded
Hand Sanitizer,Unbranded,1.0,Unbranded
Cutlery Basket,Unbranded,1.0,Unbranded
PAPER CUP ( TEA WATER ETC),Unbranded,1.0,Unbranded
NOTEBOOK LONG 200 PAGES,Unbranded,1.0,Unbranded
Rice Dosa (Ponni),Unbranded,1.0,Unbranded
Dry Fruits Pista Whole,Unbranded,1.0,Unbranded
Hummus,Unbranded,1.0,Unbranded
BREAD COVER 2,Unbranded,1.0,Unbranded
Cassata - 125ml,Unbranded,1.0,Unbranded
UH GREEN CAPSICUMWHOLE CLEANEDCRATE,Unbranded,1.0,Unbranded
Mustard Seed,Unbranded,1.0,Unbranded
Roll Sleeve Red,Unbranded,1.0,Unbranded
River Sole Fillet,Unbranded,1.0,Unbranded
#_# Stapler,Unbranded,1.0,Unbranded
CC CONTAINER - 375ML,Unbranded,1.0,Unbranded
Adrak / Ginger,Unbranded,1.0,Unbranded
Cake Saver,Unbranded,1.0,Unbranded
Curry Patta,Unbranded,1.0,Unbranded
Milk ( Full Cream ),Unbranded,1.0,Unbranded
Hair Net,Unbranded,1.0,Unbranded
DAL MAKHANI STICKERS,Unbranded,1.0,Unbranded
Almond biscotti (1pcs),Unbranded,1.0,Unbranded
Mini Button Bhakarwadi,Unbranded,1.0,Unbranded
Plastic Packing Cover Thick   12*16,Unbranded,1.0,Unbranded
Chest Freezer Capacity - 500 Ltr - 1060*700*840,Unbranded,1.0,Unbranded
MAKKI ATTA,Unbranded,1.0,Unbranded
Gherkin,Unbranded,1.0,Unbranded
Palak - Spinach,Unbranded,1.0,Unbranded
Cayenne Pepper Powder,Unbranded,1.0,Unbranded
GLUTEN NB 0121,Unbranded,1.0,Unbranded
200m Tie,Unbranded,1.0,Unbranded
N_4  Pet Jar Lid,Unbranded,1.0,Unbranded
Farali Sabudana Vada,Unbranded,1.0,Unbranded
EGGFREE TEA TIME VANILLA MUFFIN,Unbranded,1.0,Unbranded
Noodle ( Thin Vala ),Unbranded,1.0,Unbranded
CURRY PATTA,Unbranded,1.0,Unbranded
Hand Wash 5 Ltr Can,Unbranded,1.0,Unbranded
Coriander Fresh W/O Roots,Unbranded,1.0,Unbranded
Whole Wheat Jumbo Bread,Unbranded,1.0,Unbranded
Silver Pouch 6*8 (100PC),Unbranded,1.0,Unbranded
Sweets Milk White Peda,Unbranded,1.0,Unbranded
Hand Rub,Unbranded,1.0,Unbranded
Sesame Oil 650 Ml,Unbranded,1.0,Unbranded
Fruit Cocktail Tin,Unbranded,1.0,Unbranded
Hydrochloric Acid,Unbranded,1.0,Unbranded
Chocolate Ice-cream,Unbranded,1.0,Unbranded
Artichoke Tin 390 Grms,Unbranded,1.0,Unbranded
DRY COCONUT,Unbranded,1.0,Unbranded
WHITE PITA BREAD 4 PC PACK,Unbranded,1.0,Unbranded
500 ml rectangle box,Unbranded,1.0,Unbranded
Turmeric (Haldi) Powder Chounk,Unbranded,1.0,Unbranded
Dark Couverture 54%,Unbranded,1.0,Unbranded
Thai Jasmine rice,Unbranded,1.0,Unbranded
Milk,Unbranded,1.0,Unbranded
Olive Oil (Regular /Pomace ),Unbranded,1.0,Unbranded
CINNAMON 1 KG,Unbranded,1.0,Unbranded
Milk Chocochip,Unbranded,1.0,Unbranded
Lemon Ginger Syrup,Unbranded,1.0,Unbranded
Bombay pao,Unbranded,1.0,Unbranded
Heeng Papdi 200g,Unbranded,1.0,Unbranded
Urinal Pad,Unbranded,1.0,Unbranded
MANGO PUREE,Unbranded,1.0,Unbranded
Magaj Big,Unbranded,1.0,Unbranded
PAPER COVER BROWN - PAPAD,Unbranded,1.0,Unbranded
Red Yellow Capsicum Mixed,Unbranded,1.0,Unbranded
Tahina Paste,Unbranded,1.0,Unbranded
Cake Box (7*7*4),Unbranded,1.0,Unbranded
Garbage Bag Big 30X50 Virgin,Unbranded,1.0,Unbranded
Kabuli Channa,Unbranded,1.0,Unbranded
Raw Banana- Nos,Unbranded,1.0,Unbranded
Plastic Oven Bowl 2200 ml,Unbranded,1.0,Unbranded
Disposal Cap (Pkt),Unbranded,1.0,Unbranded
Green Chillies,Unbranded,1.0,Unbranded
Potato Flakes 1kg pkt,Unbranded,1.0,Unbranded
InWard Register,Unbranded,1.0,Unbranded
Canteen Tea Cup (130ML),Unbranded,1.0,Unbranded
Staff Subji,Unbranded,1.0,Unbranded
Brinjal   Black,Unbranded,1.0,Unbranded
Pokchay,Unbranded,1.0,Unbranded
CHICKEN LEG RAW,Unbranded,1.0,Unbranded
Fine Sev,Unbranded,1.0,Unbranded
Chlorin Liquid,Unbranded,1.0,Unbranded
R.O Water Bottles (20 Ltrs),Unbranded,1.0,Unbranded
Moth / Math Atta - Flour - Moth Beans,Unbranded,1.0,Unbranded
Cumin Seeds,Unbranded,1.0,Unbranded
Hot Dog Bun 55g L 160mm X W 55mm,Unbranded,1.0,Unbranded
Fork PLA 160 mm,Unbranded,1.0,Unbranded
PAPAYA,Unbranded,1.0,Unbranded
Bed Sheet,Unbranded,1.0,Unbranded
Frozen Fruit Raspberry,Unbranded,1.0,Unbranded
CHICKEN KEEMA FOR SEEKH,Unbranded,1.0,Unbranded
RED PAPRIKA SLICED -840 GM,Unbranded,1.0,Unbranded
Fresh Milk (Full Cream),Unbranded,1.0,Unbranded
Sweets Pcs. Rasmalai,Unbranded,1.0,Unbranded
POTATO STARCH,Unbranded,1.0,Unbranded
Paper Cup Holder,Unbranded,1.0,Unbranded
Number Candles,Unbranded,1.0,Unbranded
Papaya,Unbranded,1.0,Unbranded
Oregano Herbs (Seasoning ),Unbranded,1.0,Unbranded
Tandoori Masala Powder,Unbranded,1.0,Unbranded
Cooking White Wine 750ml,Unbranded,1.0,Unbranded
Yellow Moong dal,Unbranded,1.0,Unbranded
Cake Base 5.5x5.5 Plain,Unbranded,1.0,Unbranded
PAPER COVER BROWN -S - CHUTNEY,Unbranded,1.0,Unbranded
KALI MASOOR,Unbranded,1.0,Unbranded
Pickle Mixed 5Kgs Jar,Unbranded,1.0,Unbranded
Vinyl Sticker 2x1.5 Ft,Unbranded,1.0,Unbranded
Veggie Pizza Pocket,Unbranded,1.0,Unbranded
Soyabeen Chunks-Soya Chunks,Unbranded,1.0,Unbranded
Pickle Sachet,Unbranded,1.0,Unbranded
COOK POT SS WITH LID 36*20  20LTR,Unbranded,1.0,Unbranded
Chef Coat S36  Black Half Sleeve,Unbranded,1.0,Unbranded
Chocolate Sprinkle,Unbranded,1.0,Unbranded
Fresh Cream - 250ml,Unbranded,1.0,Unbranded
Hot dog 7 inch with seeds,Unbranded,1.0,Unbranded
250ML Tea Pouch with Box,Unbranded,1.0,Unbranded
Lychee Juice 1000 Ml,Unbranded,1.0,Unbranded
Aroma Diffuser Liquid,Unbranded,1.0,Unbranded
Garlic Bread Seasoning Powder,Unbranded,1.0,Unbranded
WF - 350 ml Bowl,Unbranded,1.0,Unbranded
Phool Makana,Unbranded,1.0,Unbranded
12OZ CLEAR PET CUPS,Unbranded,1.0,Unbranded
Pesto Hummus 95gm,Unbranded,1.0,Unbranded
NON-VEG BURGER BUN (1x4),Unbranded,1.0,Unbranded
Brioche Buns 70g D 100mm X H 45mm,Unbranded,1.0,Unbranded
#_# Mustard Seeds Temper/Tadka - Murukku,Unbranded,1.0,Branded
Skimmed Milk Powder (SMP) (Milk Protein - 36 percent),Unbranded,1.0,Unbranded
Jeera Whole Grade 1,Unbranded,1.0,Unbranded
Unbranded Wooden Spoon- 100pcs,Unbranded,1.0,Unbranded
Thondaika,Unbranded,1.0,Unbranded
CHUNDAKKAI VATHAL,Unbranded,1.0,Unbranded
Plastic Ch. Mat,Unbranded,1.0,Unbranded
Fees for plumber,Unbranded,1.0,Unbranded
Sauce-Schezwan,Unbranded,1.0,Unbranded
Red Cherry with Stem 850g Tin,Unbranded,1.0,Unbranded
Tapioca Starch 500g pkt,Unbranded,1.0,Unbranded
Cashewnuts,Unbranded,1.0,Unbranded
Black Container 1000 ml with partition Lid,Unbranded,1.0,Unbranded
SAUCE MAYONNAISE,Unbranded,1.0,Unbranded
Stainless Steel Scrub,Unbranded,1.0,Unbranded
Citric Acid Monohydrate 500 GM,Unbranded,1.0,Unbranded
Basa Fish,Unbranded,1.0,Unbranded
Chocolate Hamper 812,Unbranded,1.0,Unbranded
DUSTER YELLOW,Unbranded,1.0,Unbranded
Water Bottle Mrp 70,Unbranded,1.0,Unbranded
Cinnamon Stick Dalchini,Unbranded,1.0,Unbranded
Kashmir Chili Whole,Unbranded,1.0,Unbranded
CHICKEN FRY MIXTURE (CF1),Unbranded,1.0,Unbranded
Urad Wash,Unbranded,1.0,Unbranded
Plastic Container (Round) - 250 ml,Unbranded,1.0,Unbranded
Cmc Powder,Unbranded,1.0,Unbranded
Papaya Green,Unbranded,1.0,Unbranded
Tom Kha Paste 1kg pkt,Unbranded,1.0,Unbranded
Cashewnut -2 pcs,Unbranded,1.0,Unbranded
SOUR DOUGH BREAD,Unbranded,1.0,Unbranded
95 Die lid,Unbranded,1.0,Unbranded
CHAT PLATE 6 INCH,Unbranded,1.0,Unbranded
Dosa Rice,Unbranded,1.0,Unbranded
Mango Juice 1000 Ml,Unbranded,1.0,Unbranded
Frozen Sea Bass Fillets,Unbranded,1.0,Unbranded
Spinach,Unbranded,1.0,Unbranded
Mixed Pickle 1 Kg,Unbranded,1.0,Unbranded
MOONG DHULI DAL,Unbranded,1.0,Unbranded
Crispy Chicken Wings- Drums+Flats,Unbranded,1.0,Unbranded
Chicken Tikka Marinated,Unbranded,1.0,Unbranded
A4 SIZE PAPER,Unbranded,1.0,Unbranded
Party Popper 40 CM,Unbranded,1.0,Unbranded
Tomato ( For Gravy ),Unbranded,1.0,Unbranded
Floor Broom- Kharata,Unbranded,1.0,Unbranded
Coffee essence,Unbranded,1.0,Unbranded
Dosa Batter Chilled,Unbranded,1.0,Unbranded
Black Fungus,Unbranded,1.0,Unbranded
Floor Cleaner 5 Ltr,Unbranded,1.0,Unbranded
Butter Paper - Cassata (r=73mm),Unbranded,1.0,Unbranded
Unbranded Black Pepper Whole 250gm,Unbranded,1.0,Unbranded
Manchurian Balls 500 Gms,Unbranded,1.0,Unbranded
MILK,Unbranded,1.0,Unbranded
Iceberg,Unbranded,1.0,Unbranded
Valencia Orange,Unbranded,1.0,Unbranded
Cashew Half,Unbranded,1.0,Unbranded
Javitri (Mace),Unbranded,1.0,Unbranded
Truffle Paste (500gm Pack),Unbranded,1.0,Unbranded
Elastic thread round black 1.1 MM,Unbranded,1.0,Unbranded
Date Label Sticker,Unbranded,1.0,Unbranded
Duster,Unbranded,1.0,Unbranded
Gas Lighter,Unbranded,1.0,Unbranded
CHICKEN THIGH BONELESS (80 - 90 gm),Unbranded,1.0,Unbranded
Rose Loose,Unbranded,1.0,Unbranded
Thai Chilli Paste,Unbranded,1.0,Unbranded
BASMATI BIRYANI RICE,Unbranded,1.0,Unbranded
Multi Fold Tissue,Unbranded,1.0,Unbranded
Orange/Malta,Unbranded,1.0,Unbranded
Biryani Box Printed Round with Lid (1250 gm),Unbranded,1.0,Unbranded
Sundried Tomatoes in oil,Unbranded,1.0,Unbranded
Nihari Masala,Unbranded,1.0,Unbranded
Pili mirch powder / yellow chilli powder,Unbranded,1.0,Unbranded
Cotton Dusters 21cm X 21cm,Unbranded,1.0,Unbranded
PAPER CARRY BAG,Unbranded,1.0,Unbranded
SS GN PAN LID 1/6,Unbranded,1.0,Unbranded
Butter Paper 15*15,Unbranded,1.0,Unbranded
IDLY POWDER,Unbranded,1.0,Unbranded
CAPSICUM - Green,Unbranded,1.0,Unbranded
RASPBERRY IQF FROZEN,Unbranded,1.0,Unbranded
Plastic Film Pouch 7*10 80 Mic,Unbranded,1.0,Unbranded
Chops,Unbranded,1.0,Unbranded
Ice Tea Bottle - 250ml,Unbranded,1.0,Unbranded
RICE ADA,Unbranded,1.0,Unbranded
Tikona Paratha,Unbranded,1.0,Unbranded
CHOCOLATE GANACHE (500GM),Unbranded,1.0,Unbranded
Green Peas,Unbranded,1.0,Unbranded
MUTTON BRAIN 1PCS,Unbranded,1.0,Unbranded
ALUMINIUM CONTAINER LID 750ML,Unbranded,1.0,Unbranded
Blueberry Cheesecake Jar,Unbranded,1.0,Unbranded
Sauce Chilli Green Tops,Unbranded,1.0,Unbranded
Dry Ice,Unbranded,1.0,Unbranded
SOYA CHAAP STUFFED SF,Unbranded,1.0,Unbranded
Gold Bark (Leaf),Unbranded,1.0,Unbranded
Sugar (Chini),Unbranded,1.0,Unbranded
SANDWICH BOX,Unbranded,1.0,Unbranded
GARBAGE BAG GREEN,Unbranded,1.0,Unbranded
GREEN CHILLI,Unbranded,1.0,Unbranded
Note Book 240 Pages,Unbranded,1.0,Unbranded
MINERAL WATER BOTTLE 1 LIT SF,Unbranded,1.0,Unbranded
PAPER NAPKIN - 12CM X12 CM - PLAIN - LOCAL - PKT,Unbranded,1.0,Unbranded
KAFFIR LIME,Unbranded,1.0,Unbranded
ROSE MARY,Unbranded,1.0,Unbranded
Water Chestnut In Water 567G,Unbranded,1.0,Unbranded
SUGAR SACHET - 5GMS,Unbranded,1.0,Unbranded
Kesari Color,Unbranded,1.0,Unbranded
1200 ML ROUND CONTAINER,Unbranded,1.0,Unbranded
Lemon Grass (Green),Unbranded,1.0,Unbranded
Paper Straw,Unbranded,1.0,Unbranded
Vanaspati 1kg pkt,Unbranded,1.0,Unbranded
SOYABEEN RAW,Unbranded,1.0,Unbranded
#_# Mysore Chutney Frozen - Murukku,Unbranded,1.0,Branded
Green Grapes,Unbranded,1.0,Unbranded
Bayleaf Chounk,Unbranded,1.0,Unbranded
JALI MAT 10MM HEAVY,Unbranded,1.0,Unbranded
Paper Straws 6mm (100PC),Unbranded,1.0,Unbranded
Liquid Glucose,Unbranded,1.0,Unbranded
GARLIC WHOLE,Unbranded,1.0,Unbranded
Breakfast Sugar 1Kg,Unbranded,1.0,Unbranded
Lemon Leaves Fresh,Unbranded,1.0,Unbranded
Mutton currycut,Unbranded,1.0,Unbranded
Keora Water 500Ml,Unbranded,1.0,Unbranded
RAMPURI MIRCH,Unbranded,1.0,Unbranded
Cavity for corrugated box 720ml,Unbranded,1.0,Unbranded
Thermal Paper Roll   Billing,Unbranded,1.0,Unbranded
PAPER NAPKINS,Unbranded,1.0,Unbranded
Toned Tetra Milk 1000 ml,Unbranded,1.0,Unbranded
Packing tray ( 60x60x25mm ),Unbranded,1.0,Unbranded
Tandoori Chicken Masala Powder,Unbranded,1.0,Unbranded
Icing Sugar Powder,Unbranded,1.0,Unbranded
Paper Napkin Tissue 16x16 2ply,Unbranded,1.0,Unbranded
White Peas Batani,Unbranded,1.0,Unbranded
Diya Oil,Unbranded,1.0,Unbranded
Butter Chiplet,Unbranded,1.0,Unbranded
Cumin Powder,Unbranded,1.0,Unbranded
Floor Mat,Unbranded,1.0,Unbranded
Farali Chevdo (Tikho),Unbranded,1.0,Unbranded
Shot Glass 60Ml,Unbranded,1.0,Unbranded
Coconut Dry whole,Unbranded,1.0,Unbranded
AA seal stickers,Unbranded,1.0,Unbranded
Aluminium Container 750ml with Lid (Outlet),Unbranded,1.0,Unbranded
Chavali Red,Unbranded,1.0,Unbranded
Saffron Kessar,Unbranded,1.0,Unbranded
Gochujang Sauce,Unbranded,1.0,Unbranded
Dustbin Cover Small,Unbranded,1.0,Unbranded
Lid for paperbowl 500ml,Unbranded,1.0,Unbranded
Garbage Bag Green 30 X50,Unbranded,1.0,Unbranded
Green Mustard Microgreen,Unbranded,1.0,Unbranded
Palm Jaggery (per kg),Unbranded,1.0,Unbranded
MUMBAI RAVA 5 KG,Unbranded,1.0,Unbranded
Quinoa 1 kg,Unbranded,1.0,Unbranded
Duster cloth-Thick Mop,Unbranded,1.0,Unbranded
Cheese Block Processed,Unbranded,1.0,Unbranded
Palak paste,Unbranded,1.0,Unbranded
VINEGAR SYNTHETIC 750ML,Unbranded,1.0,Unbranded
Squeeze bottles -  Large,Unbranded,1.0,Unbranded
Salt Black Tiger,Unbranded,1.0,Unbranded
Chicken Lollypop Plate,Unbranded,1.0,Unbranded
Bread Crumb (Orange),Unbranded,1.0,Unbranded
Gram Flour/Besan (Motichur),Unbranded,1.0,Unbranded
Garbage Bags 29*39,Unbranded,1.0,Unbranded
Slider Bun 25GMS x 3'',Unbranded,1.0,Unbranded
Chicken Galouti,Unbranded,1.0,Unbranded
Sesame Seeds White,Unbranded,1.0,Unbranded
#_# Gate Pass Book,Unbranded,1.0,Unbranded
Pet Jar 6 inch,Unbranded,1.0,Unbranded
Tape Dispenser,Unbranded,1.0,Unbranded
MOTICHOOR LADDU 250g,Unbranded,1.0,Unbranded
Cotton pink plan shirt  (Size-XXL),Unbranded,1.0,Unbranded
RAGI WHOLE,Unbranded,1.0,Unbranded
FULL CREAM MILK,Unbranded,1.0,Unbranded
Disposable Paper Glass 150 ml Customized Printed Cups 180 GSM Paper,Unbranded,1.0,Unbranded
Kakdi - Cucumber,Unbranded,1.0,Unbranded
English Toffee,Unbranded,1.0,Unbranded
Dal Tadka Lentils- ( 920 gms ),Unbranded,1.0,Unbranded
Rai (Mustard Seed) 100gm,Unbranded,1.0,Unbranded
BIRTHDAY CAP BOY,Unbranded,1.0,Unbranded
#_# Roasted Chana Dal - Murukku,Unbranded,1.0,Branded
Aniseed Whole - Saunf,Unbranded,1.0,Unbranded
Flax Seeds Plain,Unbranded,1.0,Unbranded
Kaffir Lime Leaves,Unbranded,1.0,Unbranded
Chili Powder 1kg pkt,Unbranded,1.0,Unbranded
Strawberry,Unbranded,1.0,Unbranded
Gherkin (pickled Cucumber whole),Unbranded,1.0,Unbranded
Brown Sugar sachet,Unbranded,1.0,Unbranded
Jackfruit Cut (kathal),Unbranded,1.0,Unbranded
PLASTIC CONTAINER 25ML,Unbranded,1.0,Unbranded
Kasoori Methi Dry 100GM,Unbranded,1.0,Unbranded
SEED TIL WHITE NYLON,Unbranded,1.0,Unbranded
Non woven bag cinnamon big,Unbranded,1.0,Unbranded
CHILLY POWDER  1KG,Unbranded,1.0,Unbranded
Parmesan Cheese 1kg,Unbranded,1.0,Unbranded
Stamp Pad Medium Blue,Unbranded,1.0,Unbranded
Pink Gel Colour,Unbranded,1.0,Unbranded
Frozen Beans (1Kg),Unbranded,1.0,Unbranded
Mogra Staff Rice (Broken Basmati Rice) 30 Kg 138777,Unbranded,1.0,Unbranded
Kaju 4pcs,Unbranded,1.0,Unbranded
APRICOT 200 GM PACK,Unbranded,1.0,Unbranded
#_# Mop Refill [Wet],Unbranded,1.0,Unbranded
MINI JAMUN 100g,Unbranded,1.0,Unbranded
BROWN BUN,Unbranded,1.0,Unbranded
Turmeric Powder 500 grams,Unbranded,1.0,Unbranded
Chicken Drumstick with Skin - Marinated,Unbranded,1.0,Unbranded
Chipotle Sauce,Unbranded,1.0,Unbranded
Cheese Slice 200nos X 11.35g 2.27 Kg,Unbranded,1.0,Unbranded
SS Round Plate 10 Inch- Order Plate,Unbranded,1.0,Unbranded
Coffee and Chocolate Brookies,Unbranded,1.0,Unbranded
Milk Premium Farm Fresh 1 Ltr,Unbranded,1.0,Unbranded
Raspberry Fruit,Unbranded,1.0,Unbranded
#_# Scissor,Unbranded,1.0,Unbranded
SAUCE SOYA DARK,Unbranded,1.0,Unbranded
Korean Chilli Powder 300 gm,Unbranded,1.0,Unbranded
Plastic Storage Boxes - Meduim,Unbranded,1.0,Unbranded
Burger Box,Unbranded,1.0,Unbranded
Transfer Notebook,Unbranded,1.0,Unbranded
Aluminium (Silver) Pouches 6 inch * 9 inch (Pack of 100) 137302,Unbranded,1.0,Unbranded
SHIKANJI MASALA,Unbranded,1.0,Unbranded
Sugar Regular,Unbranded,1.0,Unbranded
Tape 1 Inch,Unbranded,1.0,Unbranded
ALMOND(BADAM),Unbranded,1.0,Unbranded
Fajita Topping,Unbranded,1.0,Unbranded
Chick peas,Unbranded,1.0,Unbranded
Chilly Byadagi,Unbranded,1.0,Unbranded
SUGAR,Unbranded,1.0,Unbranded
MANGO JUICE 1 LTR,Unbranded,1.0,Unbranded
Lettuce Lollo Rosso,Unbranded,1.0,Unbranded
American corn Sweet (per piece),Unbranded,1.0,Unbranded
Shimeji Mushrooms,Unbranded,1.0,Unbranded
BOOKLET - LEAVE APPLICATION,Unbranded,1.0,Unbranded
BREAD CRUMBS,Unbranded,1.0,Unbranded
IDLY RAWA,Unbranded,1.0,Unbranded
Pork Red Meat,Unbranded,1.0,Unbranded
SEED POPPY,Unbranded,1.0,Unbranded
Full Box / Big Box,Unbranded,1.0,Unbranded
Spice-Dhaniya seeds,Unbranded,1.0,Unbranded
A4 Sheet,Unbranded,1.0,Unbranded
NUTS CASHEW 4PCS,Unbranded,1.0,Unbranded
T-shirt - M size,Unbranded,1.0,Unbranded
Dry Wash Floor mat - Big,Unbranded,1.0,Unbranded
Golgappa Sooji,Unbranded,1.0,Unbranded
RED COLOUR,Unbranded,1.0,Unbranded
Silicon Dioxide,Unbranded,1.0,Unbranded
Thin Filo Dough For Sweet 450 gms,Unbranded,1.0,Unbranded
Dried Shiitake mushroom 1kg,Unbranded,1.0,Unbranded
Wild Rocket Micro 100 gm,Unbranded,1.0,Unbranded
Sunflower Oil,Unbranded,1.0,Unbranded
Kombu Leaf Dried 1kg pkt,Unbranded,1.0,Unbranded
Coriander Green,Unbranded,1.0,Unbranded
ONION RINGS (PB),Unbranded,1.0,Unbranded
Sauce-Peri peri,Unbranded,1.0,Unbranded
Luster Dust Royal Gold,Unbranded,1.0,Unbranded
Water Chestnuts,Unbranded,1.0,Unbranded
White Raddish,Unbranded,1.0,Unbranded
Polyester Label Sticker (4x2 Inc Red) Non veg,Unbranded,1.0,Unbranded
Pizza Cheese,Unbranded,1.0,Unbranded
Nitrile Hand Gloves (1box = 100 gloves),Unbranded,1.0,Unbranded
Cherry Tomato,Unbranded,1.0,Unbranded
Veg Spring Roll (pack of 25Pcs),Unbranded,1.0,Unbranded
A5 Voucher Leaflet,Unbranded,1.0,Unbranded
Container Paper Printed 250 ML ( dia 116 ) with LID,Unbranded,1.0,Unbranded
Floor Duster (Pocha),Unbranded,1.0,Unbranded
#_# Modak - Murukku,Unbranded,1.0,Branded
Piri Piri Seasoning,Unbranded,1.0,Unbranded
Carry Bag Paper 1Kg Printing,Unbranded,1.0,Unbranded
Goat Cheese,Unbranded,1.0,Unbranded
Sweets Milk Barfi Red Velvet,Unbranded,1.0,Unbranded
HALDI POWDER,Unbranded,1.0,Unbranded
Cake Card 6,Unbranded,1.0,Unbranded
Ker Sangri,Unbranded,1.0,Unbranded
RED CABBAGE,Unbranded,1.0,Unbranded
#_# Tomato Chutney Frozen - Murukku,Unbranded,1.0,Branded
Salad Oil 500mL,Unbranded,1.0,Unbranded
Fresh Button Mushroom (200GM),Unbranded,1.0,Unbranded
Biryani Rice(1121 XXXL),Unbranded,1.0,Unbranded
LAVA CAKE LID,Unbranded,1.0,Unbranded
Brown Onion Grinded,Unbranded,1.0,Unbranded
Onion Sambar,Unbranded,1.0,Unbranded
500 Ml Round Container With Lids (White),Unbranded,1.0,Unbranded
Chineese Cabbage,Unbranded,1.0,Unbranded
Frozen orange,Unbranded,1.0,Unbranded
Spray Bottle with Trigger (750 ML),Unbranded,1.0,Unbranded
100 ML PAPER  Container,Unbranded,1.0,Unbranded
Lamb Rack Cap Off 1 Pkt,Unbranded,1.0,Unbranded
Filter Coffee Powder,Unbranded,1.0,Unbranded
Prawns 40/50 C,Unbranded,1.0,Unbranded
MS FRYPAN 14,Unbranded,1.0,Unbranded
WALNUT,Unbranded,1.0,Unbranded
BLACK OLIVE 3KG,Unbranded,1.0,Unbranded
GLASS PET 350 - PAPER,Unbranded,1.0,Unbranded
WALNUT BROKEN 1 KG,Unbranded,1.0,Unbranded
Butter Chicken Nuggets,Unbranded,1.0,Unbranded
POUCH 200MM X 250MM - Poly Pet - With Barrier (12/70),Unbranded,1.0,Unbranded
Oregano Herb 1 Kg,Unbranded,1.0,Unbranded
French Fries 11mm 2.5 Kg,Unbranded,1.0,Unbranded
Shower Gel 5Ltr,Unbranded,1.0,Unbranded
Pickle Andhra,Unbranded,1.0,Unbranded
Refined Oil,Unbranded,1.0,Unbranded
Kashmiri Mirch Aakhu - Red Chilly Whole Kashmiri,Unbranded,1.0,Unbranded
Basil,Unbranded,1.0,Unbranded
COOKIES JAR WITH LID (46 Pcs),Unbranded,1.0,Unbranded
RICE DOSA,Unbranded,1.0,Unbranded
#_# Curry Leaves,Unbranded,1.0,Unbranded
Paper Billing Rolls,Unbranded,1.0,Unbranded
Garnish Tray Plastic 9 Insert,Unbranded,1.0,Unbranded
Staff tea,Unbranded,1.0,Unbranded
Whole Wheat Penne Pasta,Unbranded,1.0,Unbranded
bakery paper bags,Unbranded,1.0,Unbranded
Chicken Box (Small),Unbranded,1.0,Unbranded
Newyork Cheese Filling,Unbranded,1.0,Unbranded
WHITE PITTA BREAD (1pcs),Unbranded,1.0,Unbranded
dhaniya whole,Unbranded,1.0,Unbranded
Ghee Pure 500 Ml,Unbranded,1.0,Unbranded
Light Soya Sauce,Unbranded,1.0,Unbranded
Baby Rawas,Unbranded,1.0,Unbranded
Walnut whole Super (2 Pcs),Unbranded,1.0,Unbranded
Purple Cabbage,Unbranded,1.0,Unbranded
Safed mirchi,Unbranded,1.0,Unbranded
Makhana,Unbranded,1.0,Unbranded
PP Bag 12x18 Inch,Unbranded,1.0,Unbranded
Canteen Drink Box (250GSM) SBS,Unbranded,1.0,Unbranded
Black Cardamom 250gm,Unbranded,1.0,Unbranded
Nimbu (Lemon),Unbranded,1.0,Unbranded
Bagasse Burger BOX  WIDE BASE,Unbranded,1.0,Unbranded
MOTI ELAICHI,Unbranded,1.0,Unbranded
Sipper Cup 300ml,Unbranded,1.0,Unbranded
Wet Wipes,Unbranded,1.0,Unbranded
Mouth Freshner Pkt,Unbranded,1.0,Unbranded
Mackeral 6/8,Unbranded,1.0,Unbranded
urad dal,Unbranded,1.0,Unbranded
Paper Printed Kebab Box 6 Compartment,Unbranded,1.0,Unbranded
Ajwain Whole,Unbranded,1.0,Unbranded
ROSTED CHANA DAL,Unbranded,1.0,Unbranded
Tandoori Tikka Masala,Unbranded,1.0,Unbranded
CHULLA,Unbranded,1.0,Unbranded
Paper A4,Unbranded,1.0,Unbranded
Moong Dal - Grade 1 (Fine),Unbranded,1.0,Unbranded
Danish White Feta 500GM,Unbranded,1.0,Unbranded
Corrugated Box Small,Unbranded,1.0,Unbranded
Brown Packing Tape 2 Inch,Unbranded,1.0,Unbranded
Wooden Spoon (100PCs Each),Unbranded,1.0,Unbranded
Gochujang Paste 500gm pkt,Unbranded,1.0,Unbranded
variyali,Unbranded,1.0,Unbranded
Elephant Yam,Unbranded,1.0,Unbranded
Silver Pouch,Unbranded,1.0,Unbranded
BREAD SANDWICH,Unbranded,1.0,Unbranded
Paper Plate,Unbranded,1.0,Unbranded
T65  CAKE FLOUR,Unbranded,1.0,Unbranded
Kesar Kaju Katli 500 Gms Gold Foil Cover,Unbranded,1.0,Unbranded
EGG FREE RED VELVET CAKE MIX,Unbranded,1.0,Unbranded
Dust pan (dust pan-20),Unbranded,1.0,Unbranded
Bulgogi Sauce,Unbranded,1.0,Unbranded
TORCH BLOW COOKING,Unbranded,1.0,Unbranded
T-SHIRT BLACK-L,Unbranded,1.0,Unbranded
Seafood-Basa,Unbranded,1.0,Unbranded
