title,prediction,confidence,deciding_entity
Carrot Beans Poriyal(ME)-A-BAN,unbranded,0.5078,
MF White Compound CO W33,branded,0.5234,w33
Dark Compound Co D15 500Gms,unbranded,0.5312,
Real Pineapple Juice,branded,0.539,real
YU001517 Sensor Magnetiv 2 Nc,branded,0.539,yu001517
Plum Essence,branded,0.539,plum
Sweetpotato (Kanga),branded,0.5583,kanga
UH GREEN CAPSICUMWHOLE CLEANEDCRATE,branded,0.5622,cleanedcrate
Golden Dust,unbranded,0.5699,
Cmc Powder,unbranded,0.5699,
EGGFREE TEA TIME VANILLA MUFFIN,unbranded,0.5851,
JALI MAT 10MM HEAVY,branded,0.5851,jali
Aluminium Container 750ml with Lid (Outlet),unbranded,0.5851,
RTE-Seths - Chinese Ready Schezwan Sauce (Frozen) 1 Kg,unbranded,0.5851,
"RTE-Seths - Chinese Ready Schezwan Sauce (Frozen), 1 Kg BB0009",unbranded,0.5851,
Good Night Machine,unbranded,0.5927,
Fruit Filling Mango Delta,unbranded,0.6077,
Chicken PCP (Bone),branded,0.6077,pcp
#_# Gate Pass Book,unbranded,0.6077,
Gold Bark (Leaf),unbranded,0.6151,
Rich Whipping Cream Gold,unbranded,0.6151,
Mouth Freshner Pkt,branded,0.6151,moth
Kesar Kaju Katli 500 Gms Gold Foil Cover,unbranded,0.6151,
Diya Oil,unbranded,0.637,
Papad ( Big),branded,0.6442,papad
PAPER COVER BROWN - PAPAD,branded,0.6442,papad
Maida DFM 50 Kg Unbrand,unbranded,0.6442,
Tikona Paratha,unbranded,0.6549,
Iceberg,unbranded,0.6584,
Rice Flat Noodle 10mm   500g pkt   How How,branded,0.6859,how
Newyork Cheese Filling,unbranded,0.7058,
SS  NOODAL CHANNI,branded,0.7122,noodal
Milk Compound Slab M21,unbranded,0.7311,
Jau / Ghat,branded,0.7372,jau
CHAT PLATE 6 INCH,branded,0.7372,chat
Breakfast Sugar Trust 1 Kg,branded,0.7432,trust
Moong Dal - Grade 1 (Fine),branded,0.7491,grade1fine
Ajinomoto (Golden Crown),branded,0.7549,crown
InWard Register,unbranded,0.7718,
ATTA GANGA,branded,0.7718,ganga
Dust pan (dust pan-20),unbranded,0.7718,
COLOUR CODE DOTT TUES,branded,0.7773,tues
CHAPAD HEAVY,branded,0.7931,chapad
Zukni Green,branded,0.8032,zukni
Food Colours Splash 200g Assorted,unbranded,0.8081,
Toned Tetra Milk 1000 ml,unbranded,0.8081,
Farali Chevdo (Tikho),branded,0.8199,tikho
Active X Mustard Oil 500mL,branded,0.8222,active
Cutlery Set The Cake Story,branded,0.8267,story
Pokchay,branded,0.8267,pokchay
Kit Kat,unbranded,0.8289,
#_# Mop Refill [Wet],branded,0.8333,wet
Wet Wipes,branded,0.8333,wet
Topper,branded,0.8397,topper
Party Popper 40 CM,branded,0.8439,party
TG-Party Snacks 35G Pouch,branded,0.8439,party
Kumatia,branded,0.852,kumatia
QT Rail,branded,0.852,rail
Silken Tofu 300g Voila,branded,0.8559,voila
Sauce Chilli Green Tops,unbranded,0.8597,
Burata Cheese 250 Grm,unbranded,0.8634,
AJINO MOTO,branded,0.8688,ajino
#_# Tar Brush (Dosa Bhatti),unbranded,0.8741,
Pillar,branded,0.8775,pillar
Cotton BBK Apron,branded,0.8808,bbk
Keora Water 500Ml,unbranded,0.8977,
Oyester Sauce- non veg,branded,0.9019,oyester
Polyester Label Sticker (4x2 Inc Red) Non veg,branded,0.9019,oyester
CELLO TAPE BIG PLAIN 3 INCH,branded,0.906,cello
Cello Tape 1,branded,0.906,cello
Cello Tape Green,branded,0.906,cello
IDLY RAWA,unbranded,0.9112,
Baby Rawas,unbranded,0.9112,
Dust Pan  Supli,branded,0.9149,supli
SUMA TAB CHLORINE,branded,0.9149,suma
GK-Miami Waffle Pizza Pkg Box 1PKT 100PC GK Dry 137504,branded,0.9149,miami
Bandan Cap,branded,0.9149,bandan
Plastic Storage Boxes - Meduim,branded,0.9173,meduim
Amla Sabut Herble,unbranded,0.9294,
Chavali Red,unbranded,0.9305,
Sharpner,unbranded,0.9325,
Aniseed Whole - Saunf,branded,0.9344,saunf
CARNATTION MILK  405 GM ( EVAPORATED MILK ),branded,0.9363,carnattion
N20 Whipped Cream Chargers,unbranded,0.9363,
River Sole Fillet,unbranded,0.9399,
ROOH AFZA,branded,0.9408,afza
Poly Veg logo1500&#215;23,branded,0.9417,poly
HOLLO MAT3125*5,branded,0.9417,hollo
Italian Focassia Polly Bag 8 x 10 Inch,branded,0.9417,poly
Transfer Notebook,branded,0.9433,transfer
Chops,unbranded,0.9442,
DAILY FRESH MILLETS IDLI AND DOSA BATTER POUCH 1/2KG,branded,0.9489,daily
DAILY FRESH SPROUTED PESARATTU BATTER POUCH 1/2KG,branded,0.9489,daily
Ciclo Printed Cake Box 2Pc,branded,0.9497,ciclo
Designer Dummy,unbranded,0.9598,
Blue Pine Artesian Water - 750 ML - GST @18 %,branded,0.9615,pine
Mogra Staff Rice (Broken Basmati Rice) 30 Kg 138777,unbranded,0.9632,
Gud,branded,0.9649,gud
Milk Premium Farm Fresh 1 Ltr,unbranded,0.9654,
Triplesec,unbranded,0.9669,
San Marzano - Pomace Olive Oil,unbranded,0.9669,
Aroma Diffuser Liquid,branded,0.9674,aroma
Ziplock Bags,unbranded,0.9679,
Quarry And Tile Floor Cleaner (120X2Oz),unbranded,0.9698,
Vat 69,branded,0.9707,vat
BANARASI LAL PEDA-200 Gms,unbranded,0.9716,
Teqila Blanco Don Angel 750 Ml,branded,0.9716,angel
Korean LTO Menu,unbranded,0.9756,
100 Pipers. 750Ml,branded,0.9759,pipers
Gulab Jamun (Wyn),branded,0.9763,wyn
Thondaika,branded,0.9763,thondaika
Grated mozzarella New Onesta,branded,0.9777,onesta
T Shirt Black NM M38,unbranded,0.9787,
Star Papad,branded,0.979,star
RAMPURI MIRCH,unbranded,0.9806,
PAPAYA,unbranded,0.9809,
Papaya,unbranded,0.9809,
Papaya Green,unbranded,0.9809,
Noodle ( Thin Vala ),branded,0.9815,think
Thin Filo Dough For Sweet 450 gms,branded,0.9815,think
Coca cola 750ml,branded,0.9838,coca
Coca Cola 180ML (Pack of 36PCS),branded,0.9838,coca
Finagel,branded,0.9841,finagel
Biryani Handi 750 GM,unbranded,0.9848,
Hand Sanitizer,unbranded,0.9848,
Hand Wash 5 Ltr Can,unbranded,0.9848,
Hand Rub,unbranded,0.9848,
Butter Paper - Cassata (r=73mm),branded,0.9848,cassatar73mm
Duster Check/Hand,unbranded,0.9848,
Hand Sanitizer HS 100,unbranded,0.9848,
Nitrile Hand Gloves (1box = 100 gloves),unbranded,0.9848,
Kobij-Cabbage,branded,0.9866,kobij
Cantener Half,branded,0.9876,cantener
Momo Steamer,branded,0.9878,momo
Bombay pao,unbranded,0.9885,
STICKER SHEEK KABAB,unbranded,0.989,
Canteen Tea Cup (130ML),branded,0.9892,canteen
Canteen Drink Box (250GSM) SBS,branded,0.9892,canteen
Windmill Potato starch,branded,0.9893,windmill
SP Thundercrush French Fries 9mm,branded,0.9897,thundercrush
Jacobs Creek Red 750Ml,branded,0.9901,jacobs
CHULLA,branded,0.9906,chulla
Flow Wrap Rolls - Raspberry Duet (60 ml),branded,0.9921,raspberryduet60ml
NONBROMITE BREAD IMPROVER 1 KG 0157,unbranded,0.9924,
Floor Duster (Pocha),unbranded,0.993,
POCHA (MOP),unbranded,0.993,
UCC 2door 3drawer + raised BM + 1/6gnx6,branded,0.9931,ucc
ROW - Barcode Lable 50mmX25mm Non Tearable,branded,0.9935,barcodelable50mmx25mmnontearable
AANCH COVER,branded,0.9937,aanch
Sriracha Hot Chilli Sauce Flying Goose 730 gm,branded,0.9941,goose
POUCH 200MM X 250MM - Poly Pet - With Barrier (12/70),branded,0.9943,withbarrier1270
Kakdi - Cucumber,branded,0.9944,cucumber
Gherkin (pickled Cucumber whole),branded,0.9944,cucumber
Garnish Tray Plastic 9 Insert,unbranded,0.9945,
PAPER COVER BROWN -S - CHUTNEY,branded,0.9946,chutney
MOTI ELAICHI,unbranded,0.9946,
STICKERS WVF COLD VARAVRAGE - THINK ORIGINS HAZELNUT COLD FILTER COFFEE FSSAI,branded,0.9948,thinkoriginshazelnutcoldfiltercoffeefssai
Economy - Staff Toor Dal 1 Kg (Non IP) 131965,branded,0.9949,stafftoordal1kgnonip131965
Magaj Big,unbranded,0.995,
Stone Flower(Dagad Phool),unbranded,0.9952,
Phool Makana,unbranded,0.9952,
Jain Hing Powder,branded,0.9955,jain
Butter Scotch DF Bite,branded,0.9957,scotch
Scotch Brite - Rubber Kitchen Gloves,branded,0.9957,scotch
SCOTCH BRITE  JUNA,branded,0.9957,scotch
SCOTCH BRITE (4 IN 1),branded,0.9957,scotch
MRD Stickers,branded,0.9958,mrd
EVD DAIRY WHITENER 1 KG,branded,0.9963,evd
SCOTCH BRITE - SOFT SPONGE,branded,0.9963,softsponge
A-005 Grill and Oven Cleaner ACTON,branded,0.9965,acton
Date Label Sticker,unbranded,0.9965,
SDU Deva Chardonnay White wine 750ml,branded,0.9966,sdu
SAKURA DRIED SHITAKE MUSHROOM,unbranded,0.9968,
Camino Real Gold 750Ml,branded,0.9971,camino
GTC Pizza Box 9x9,branded,0.9971,gtc
Luster Dust Royal Gold,branded,0.9972,royal
Royal Challenge,branded,0.9972,royal
Mother Dairy milk,branded,0.9978,mother
Shudh Garhwal - Khoya Pindi 1KG,branded,0.9981,khoyapindi1kg
Moth / Math Atta - Flour - Moth Beans,branded,0.9981,mothbeans
MUMBAI RAVA 5 KG,unbranded,0.9981,
Cookies Caramel 6kg ( Mec3-14772),branded,0.9982,caramelo
Fees for plumber,unbranded,0.9982,
Salt Black Tiger,unbranded,0.9982,
SAMSEER MARK,branded,0.9983,samseer
Elephant Yam,unbranded,0.9983,
Panner Fresh 1 kg,unbranded,0.9984,
GREEN CURRY PASTE NAMJAI 1 KG,branded,0.9984,namjai
Kcco Tray Big,branded,0.9985,kcco
Nam Shop Sticker   Prawn Crackers Large,branded,0.9986,nam
Pizza Base 8 inch Whole Wheat Pan Crust (Junos),branded,0.9987,junos
Boba Lychee can,unbranded,0.9988,
Walnut whole Super (2 Pcs),unbranded,0.9988,
Tom Kha Paste 1kg pkt,unbranded,0.9989,
Floor Broom- Kharata,unbranded,0.999,
TOP COVER OF BOX 750 ML SALADSPOINT,branded,0.999,saladspoint
Unbranded Spray Gun,unbranded,0.9991,
CELLOFIN PAPER,branded,0.9991,cellofin
Chef Coat S36  Black Half Sleeve,branded,0.9991,chef
Chef's Art - Crispy Cajun Breading Mix 1 Kg H51176,branded,0.9991,chef
Unbranded Wooden Spoon- 100pcs,unbranded,0.9991,
Tea Powder   Red Label 1kg pkt,unbranded,0.9991,
Unbranded Black Pepper Whole 250gm,unbranded,0.9991,
RED LABEL TEA (1 KG),unbranded,0.9991,
Chefs Art - Jamaican Jerk Seasoning 400 gm,branded,0.9991,chef
Chilled Chicken Thigh Boneless 1 kg (Rsons),branded,0.9991,rsons
Chefs Art - Piri Piri Sprinkler 250 gm 51189,branded,0.9991,chef
Habit Olives Green Pitted 3Kg,branded,0.9992,habit
#_# Asafoetida / Hing - murukku,branded,0.9993,murukku
Butter Murkku,branded,0.9993,murukku
Thai Jasmine Rice 2kg pkt MBK,branded,0.9993,mbk
Turmeric (Haldi) Powder Chounk,branded,0.9993,chounk
#_# Mustard Seeds Temper/Tadka - Murukku,branded,0.9993,murukku
Urad Wash,unbranded,0.9993,
#_# Mysore Chutney Frozen - Murukku,branded,0.9993,murukku
Bayleaf Chounk,branded,0.9993,chounk
#_# Stirrer - Murukku,branded,0.9993,murukku
11.5x11.5 (Round) Sandhouse Butter paper (40GSM),branded,0.9993,sandhouse
Slider Bun 25GMS x 3'',unbranded,0.9993,
#_# Roasted Chana Dal - Murukku,branded,0.9993,murukku
Spice-Dhaniya seeds,branded,0.9993,spice
Dry Wash Floor mat - Big,unbranded,0.9993,
Kombu Leaf Dried 1kg pkt,unbranded,0.9993,
#_# Modak - Murukku,branded,0.9993,murukku
#_# Tomato Chutney Frozen - Murukku,branded,0.9993,murukku
Spice-Peri peri seasoning,branded,0.9993,spice
Side Box (Crunch),unbranded,0.9993,
Message Card,unbranded,0.9994,
200m Tie,unbranded,0.9994,
COOK POT SS WITH LID 36*20  20LTR,unbranded,0.9994,
PAPER NAPKIN - 12CM X12 CM - PLAIN - LOCAL - PKT,unbranded,0.9994,
PAPER NAPKINS,unbranded,0.9994,
Paper Napkin Tissue 16x16 2ply,unbranded,0.9994,
7 inch Plate Chuk,branded,0.9994,chuk
Parry Sugar White,branded,0.9994,parry
Chuk Plate 11,branded,0.9994,chuk
Nutrela (1pkt),branded,0.9994,nutrela
Coke 750 Ml,branded,0.9995,coke
Chonak,unbranded,0.9995,
Wonder Wipes,branded,0.9995,wonder
Coke Can 300 Ml,branded,0.9995,coke
Cotton Dusters 21cm X 21cm,unbranded,0.9995,
Wonder Wipe (3pc),branded,0.9995,wonder
Cotton pink plan shirt  (Size-XXL),unbranded,0.9995,
Stamp Pad Medium Blue,unbranded,0.9995,
COKE CANE,branded,0.9995,coke
UH ZUCCHINI GREENSMALL DICE1 KG / BAG,unbranded,0.9996,
Fryola Oil,branded,0.9996,fryola
PERFECT NO-BAKE CHEESECAKE MIX (1KG),unbranded,0.9996,
Kashmiri Mirch Aakhu - Red Chilly Whole Kashmiri,branded,0.9996,redchillywholekashmiri
Prepit Hyderabad Biriyan 1 kg,branded,0.9997,prepit
Plastic Packing Theli (PP),unbranded,0.9997,
Texmex cheese sauce,unbranded,0.9997,
Bru Coffee 500g,branded,0.9997,bru
Paper Cup 350ml (10'' Oz) FLYP,branded,0.9997,flyp
N_4  Pet Jar Lid,unbranded,0.9997,
12OZ CLEAR PET CUPS,unbranded,0.9997,
Orange/Malta,unbranded,0.9997,
Wrapper Yellow (12x12) for FLYP,branded,0.9997,flyp
Thermal Paper Roll   Billing,unbranded,0.9997,
Pet Jar 6 inch,unbranded,0.9997,
#_# Scissor,unbranded,0.9997,
GLASS PET 350 - PAPER,unbranded,0.9997,
Laddle Chinese with wooden handle 4 inch,unbranded,0.9997,
Paper Billing Rolls,unbranded,0.9997,
KESAR,unbranded,0.9998,
CARRY BAG 500GM,unbranded,0.9998,
#_# Stapler,unbranded,0.9998,
Soda Water Kinley 750 ml,branded,0.9998,kinley
Soda Kinley,branded,0.9998,kinley
PAPER CARRY BAG,unbranded,0.9998,
Kesari Color,unbranded,0.9998,
Oaksmith,branded,0.9998,oaksmith
Butter Chiplet,unbranded,0.9998,
Saffron Kessar,unbranded,0.9998,
Thums Up 250 ml,branded,0.9998,thums
Maida Kesari Brand 50kgs,unbranded,0.9998,
Colin Spray 500ml,branded,0.9998,colin
BOOKLET - LEAVE APPLICATION,branded,0.9998,leaveapplication
Pril Liquid,branded,0.9998,pril
Carry Bag Paper 1Kg Printing,unbranded,0.9998,
Hazelnut Brownie Outer Sticker (CBTL),branded,0.9998,cbtl
Panini Bread Outer Sticker (CBTL),branded,0.9998,cbtl
Colin (Glass Cleaner),branded,0.9998,colin
EASTMADE - CUMIN (JEERA) 1 KG,branded,0.9999,eastmade
Tawa Roti (7 inch),unbranded,0.9999,
3 EASTMADE - BLACK PAPER WHOLE (KALI MIRCH),branded,0.9999,eastmade
VKL PERI PERI MARINADE,branded,0.9999,vkl
Flexible Plastic Bags ( 5kg Small Size - Mithai & Namkeen),branded,0.9999,mithainamkeen
PASSION FRUIT SYRUP(1 LTR) Foodoo,branded,0.9999,foodoo
SPRITE 250ML,branded,0.9999,sprite
Lotus Flour,branded,0.9999,lotus
Termocool morded box,branded,0.9999,termocool
Palak - Spinach,unbranded,0.9999,
Biscoff Biscuit Lotus,branded,0.9999,lotus
President Butter Unsalted 500gm,branded,0.9999,president
Garbage Bag Big 30X50 Virgin,unbranded,0.9999,
J and B Rare,unbranded,0.9999,
Fork PLA 160 mm,unbranded,0.9999,
SPINCACH,unbranded,0.9999,
GK-Morde - Hazelnut Chocopaste 1 Kg 140027,branded,0.9999,morde
Goodlife Milk 1ltr pkt Nandini,branded,0.9999,nandini
Fortune Aata,branded,0.9999,fortune
Sargvo-Drumsticks,branded,0.9999,sargvo
Delmonte - Eggless Mayo,branded,0.9999,delmonte
Sprite 300 ml,branded,0.9999,sprite
Yellow Color,unbranded,0.9999,
Spinach,unbranded,0.9999,
Nihari Masala  (Shan),branded,0.9999,shan
Pili mirch powder / yellow chilli powder,unbranded,0.9999,
JK Copier A4 Paper,unbranded,0.9999,
GFB Mushroom Patty,branded,0.9999,gfb
Cavity for corrugated box 720ml,unbranded,0.9999,
FRENCH HEARTS VINYL STICKER SET,unbranded,0.9999,
"Newtrition - Lemon Ginger, 500 ML",branded,0.9999,newtrition
Ashok Besan,branded,0.9999,ashok
Pink Gel Colour,unbranded,0.9999,
Chicken Drumstick with Skin - Marinated,unbranded,0.9999,
SS Round Plate 10 Inch- Order Plate,unbranded,0.9999,
Chilly Byadagi,unbranded,0.9999,
RED COLOUR,unbranded,0.9999,
Long Note Book 200 Pgs Chandras SB,branded,0.9999,chandras
Piri Piri Seasoning,unbranded,0.9999,
Napkin Bikkgane,branded,0.9999,bikkgane
ANANDA PANEER 1 KG,branded,0.9999,ananda
Makhana,unbranded,0.9999,
VKL- Peri Peri Marinade 1Kg,branded,0.9999,vkl
HARPIC,branded,1.0,harpic
"Sakthi - Kulambu Chilli powder, 500gm",branded,1.0,sakthi
Chicken Curry Cut,unbranded,1.0,
SABUDANA NYLON,unbranded,1.0,
Kashmiri Mirch Powder,unbranded,1.0,
Chana Black,unbranded,1.0,
Softy Premix Vanilla,unbranded,1.0,
Crispy Cajun Breading Mix,unbranded,1.0,
Taski Suma Ultra (L2) 5L Can,branded,1.0,taski
Eggs,unbranded,1.0,
Plastic Storage Container 500ml,unbranded,1.0,
Ketchup,unbranded,1.0,
GK-NY Pan Cake Sp Pkg Box 1PKT 100PC GK Dry 137497,unbranded,1.0,
Malaysian Noodles ( Flat Noodles ) 1kg,unbranded,1.0,
Note Pad 3x3,unbranded,1.0,
Sumabrite Degreaser nd Heavy duty cleaner (break up HD),branded,1.0,sumabrite
Red Malka (Lal Masoor) Rajdhani,branded,1.0,rajdhani
Silver Pouch 6*8,unbranded,1.0,
AASHIRVAAD - ATTA 10 KG BAG,branded,1.0,aashirvaad
#_# Chocolate Fudge Overload (NAS) 500 ml - Frozen Fun,branded,1.0,frozenfun
PLASTIC CONTAINER-150ML,unbranded,1.0,
Red Chili Paste 1kg pkt,unbranded,1.0,
Dalchini,unbranded,1.0,
Sambal Oelek,unbranded,1.0,
Tandoori paneer tikka,unbranded,1.0,
Cocoa powder (Medium Brown) Vanhouten,branded,1.0,vanhouten
Brown Sugar Paste Fondant,unbranded,1.0,
Butter Pouch 9X12,unbranded,1.0,
"Carrots/Gajar, incremental 0.5 10335",unbranded,1.0,
Green Tomato 1kg,unbranded,1.0,
#_# Container lid - PMK Round Paper 500 ML Plastic - Prasuma,branded,1.0,prasuma
Envelope,unbranded,1.0,
Garbage Bag Black 30 x50,unbranded,1.0,
#_# FC - Orange Popsicle Ice Cream [70 Ml] - Noto,branded,1.0,noto
Malas strawberry crush 750ml,branded,1.0,malas
Beer Non Alcoholic 330 ml - Coolberg (Ginger Flavour),branded,1.0,coolberg
Perrier Water 330mL,branded,1.0,perrier
DIGESTIVE BISCUITS,unbranded,1.0,
SS Mould Round Cutter - 12pcs,unbranded,1.0,
TASKI R3,branded,1.0,taski
Dollur Amla Jar,branded,1.0,dollur
Malai Paneer Soft Loose,unbranded,1.0,
Dosa Masala Retort,unbranded,1.0,
Potassium Sorbate,unbranded,1.0,
PLASTIC CONTAINER 750ML,unbranded,1.0,
Ro 48,unbranded,1.0,
CUMIN WHOLE (JEERA),unbranded,1.0,
Green peas,unbranded,1.0,
3CP PLATE,unbranded,1.0,
Maida Flour Premium (per kg),unbranded,1.0,
Red Fondant,unbranded,1.0,
Radish White,unbranded,1.0,
PUMPKIN SEEDS (1Kg Pkt),unbranded,1.0,
Zucchini Yellow (Premium)  incremental 0.5 10033,unbranded,1.0,
GARBAGE COVER SMALL 17x19 - 51 MM,unbranded,1.0,
Dhania Pudina Chutney-SNACC,branded,1.0,snacc
MDH Chana Masala,branded,1.0,mdh
Brown Onion,unbranded,1.0,
Lettuce Patta,unbranded,1.0,
Wooden Cutlery Kit,unbranded,1.0,
#_# Caramelo Banditos Sticker - Cookie Cartel,branded,1.0,cookiecartel
Biryani small Box (Serve -1),unbranded,1.0,
Sticker Veg 750 ml Container,unbranded,1.0,
Cling Film,unbranded,1.0,
Kale,unbranded,1.0,
#_# BC - Aam Ice Cream [300ML] - BICO,branded,1.0,bico
340 MM BOPP ROLL,unbranded,1.0,
3 Ply Corrugated Croissant Tray,unbranded,1.0,
Kundru,unbranded,1.0,
Sparkling Water,unbranded,1.0,
Griffith Hot Chilli Marinade,branded,1.0,griffith
Kung Pao Sauce 335 G,unbranded,1.0,
Red Paprika Sliced,unbranded,1.0,
#_# Big Blue Box - Sweetish,branded,1.0,sweetish
19 KG Commercial Cylinder,unbranded,1.0,
VIKRAM - CHAKKI ATTA 30 KG,branded,1.0,vikram
Kashmiri Chili,unbranded,1.0,
Infinite - Eggless Choco Lava Cake Premix 1 Kg Ambient 148873,branded,1.0,infinite
Fried Mirchi retort,unbranded,1.0,
Dried figs,unbranded,1.0,
WOODEN SPOON 160MM (100 Pcs),unbranded,1.0,
#_# SIERRA 72% Dark Chocolate Bar - Ether,branded,1.0,ether
GLOVES BLUE,unbranded,1.0,
Quinoa 1kg,unbranded,1.0,
Garbage Bag 30x50 Kg,unbranded,1.0,
Dry Amla-Dry Gooseberry,unbranded,1.0,
PG-Paper Tub Lids,unbranded,1.0,
Cambro Polycarbonate GN Pan 1/2 200mm,branded,1.0,cambro
Mangoes (Sindhura) X1KG,unbranded,1.0,
Premix Egg Free Chocolate Make: pillsbury,unbranded,1.0,
Masoor Whole,unbranded,1.0,
Soda 750ml- @ 18%,unbranded,1.0,
Blue Berry 250Gs,unbranded,1.0,
PRINTER ROLL,unbranded,1.0,
#_# Frozen OG Chocolate Chip Chonker - Chonkers,branded,1.0,chonkers
Corn Flour,unbranded,1.0,
Sweets Milk Kalakand,unbranded,1.0,
#_# Greeting Card - Sassy Teaspoon,branded,1.0,sassyteaspoon
HARPIC LIQUID,branded,1.0,harpic
#_# The Godfather (Reeses peanut butter cup) Cookie Dough - Cookie Cartel,branded,1.0,cookiecartel
DRY ICE,unbranded,1.0,
#_# PMK Veg Hakka Noodles 250gm - Prasuma,branded,1.0,prasuma
#_# French Vanilla (100 ml) - Go Zero,branded,1.0,gozero
#_# Classic Vanilla Minis Sugar Free Ice cream [09 pieces] - Noto,branded,1.0,noto
PLASTIC DIP BOWL 50 ML,unbranded,1.0,
SS GN PAN 1/3 100 MM,unbranded,1.0,
White Envelope Cover,unbranded,1.0,
Leeks,unbranded,1.0,
NATURESMITH PAPRIKA POWDER 60GM,branded,1.0,naturesmith
FRENCH FRIES,unbranded,1.0,
BESAN,unbranded,1.0,
Cutlery Basket,unbranded,1.0,
PAPER CUP ( TEA WATER ETC),unbranded,1.0,
NOTEBOOK LONG 200 PAGES,unbranded,1.0,
Rice Dosa (Ponni),unbranded,1.0,
#_# Kesar Peda 500gms - Genda Phool,branded,1.0,gendaphool
XO Sauce Sticker,unbranded,1.0,
Dry Fruits Pista Whole,unbranded,1.0,
Hummus,unbranded,1.0,
BREAD COVER 2,unbranded,1.0,
Nestle Milk Powder 1KG,branded,1.0,nestle
Cassata - 125ml,unbranded,1.0,
Classic Ice Burst 10 Nos,unbranded,1.0,
Mustard Seed,unbranded,1.0,
Roll Sleeve Red,unbranded,1.0,
CC CONTAINER - 375ML,unbranded,1.0,
Adrak / Ginger,unbranded,1.0,
Curry Patta,unbranded,1.0,
#_# Cacao Crispy - Ether,branded,1.0,ether
Cake Saver,unbranded,1.0,
Milk ( Full Cream ),unbranded,1.0,
Hair Net,unbranded,1.0,
Almond biscotti (1pcs),unbranded,1.0,
Dark Chocolate Paste-NAS,unbranded,1.0,
DAL MAKHANI STICKERS,unbranded,1.0,
Mini Button Bhakarwadi,unbranded,1.0,
Plastic Packing Cover Thick   12*16,unbranded,1.0,
Keto Blueberry Cheesecake Ice Cream - 100 ml RM,unbranded,1.0,
Pesto Pistachio 2.5kg (Mec3-14755),unbranded,1.0,
MAKKI ATTA,unbranded,1.0,
Chest Freezer Capacity - 500 Ltr - 1060*700*840,unbranded,1.0,
Gherkin,unbranded,1.0,
Cayenne Pepper Powder,unbranded,1.0,
GLUTEN NB 0121,unbranded,1.0,
Red Raddish,unbranded,1.0,
Farali Sabudana Vada,unbranded,1.0,
Possmei Taro Powder Premix 1kg pkt,branded,1.0,possmei
CURRY PATTA,unbranded,1.0,
#_# Mango Kulfi 300gm - Parsi Dairy Farm,branded,1.0,parsidairyfarm
Coriander Fresh W/O Roots,unbranded,1.0,
Sweets Milk White Peda,unbranded,1.0,
Whole Wheat Jumbo Bread,unbranded,1.0,
#_# Pista Kulfi Stick (70 ml) - Go Zero,branded,1.0,gozero
Silver Pouch 6*8 (100PC),unbranded,1.0,
#_# Rocky Road Ice-cream Tub (100ml) - Meemees,branded,1.0,meemees
Fruit Cocktail Tin,unbranded,1.0,
Sesame Oil 650 Ml,unbranded,1.0,
500 ml rectangle box,unbranded,1.0,
Chocolate Ice-cream,unbranded,1.0,
Hydrochloric Acid,unbranded,1.0,
Artichoke Tin 390 Grms,unbranded,1.0,
DRY COCONUT,unbranded,1.0,
WHITE PITA BREAD 4 PC PACK,unbranded,1.0,
#_# Sugar Free Chocolate Hazelnut Ice Cream Tub (125 ml) - Bina,branded,1.0,bina
Dark Couverture 54%,unbranded,1.0,
Thai Jasmine rice,unbranded,1.0,
CINNAMON 1 KG,unbranded,1.0,
Milk,unbranded,1.0,
Olive Oil (Regular /Pomace ),unbranded,1.0,
Milk Chocochip,unbranded,1.0,
Lemon Ginger Syrup,unbranded,1.0,
Urinal Pad,unbranded,1.0,
Heeng Papdi 200g,unbranded,1.0,
Taski R5 5ltr,branded,1.0,taski
Staff Mustard Whole,unbranded,1.0,
MANGO PUREE,unbranded,1.0,
Red Yellow Capsicum Mixed,unbranded,1.0,
Cake Box (7*7*4),unbranded,1.0,
Kabuli Channa,unbranded,1.0,
Tahina Paste,unbranded,1.0,
Lobo - 5 Spice Powder 65 gm 51547,branded,1.0,lobo
Sticker Mutton Haleem,unbranded,1.0,
Plastic Oven Bowl 2200 ml,unbranded,1.0,
Raw Banana- Nos,unbranded,1.0,
Disposal Cap (Pkt),unbranded,1.0,
Potato Flakes 1kg pkt,unbranded,1.0,
DESERT SPOON 12GTIDY,unbranded,1.0,
Maggi Seasoning Sauce 680Ml,branded,1.0,maggi
Green Chillies,unbranded,1.0,
Staff Subji,unbranded,1.0,
Brinjal   Black,unbranded,1.0,
#_# Griselda's Red Velvet Sticker (Eggless) - Cookie Cartel,branded,1.0,cookiecartel
CHICKEN LEG RAW,unbranded,1.0,
#_# Sakura Blossom Gateaux (125 Gms) - Ether,branded,1.0,ether
TL Slicer Cutter,unbranded,1.0,
Fine Sev,unbranded,1.0,
R.O Water Bottles (20 Ltrs),unbranded,1.0,
#_# XYLITOL Chocolate Hazelnut Icecream (600ML) - Bina,branded,1.0,bina
Chlorin Liquid,unbranded,1.0,
#_# Slide Tru Hamper Box OF 4 Outer - The Tiny Tub,branded,1.0,thetinytub
Hot Dog Bun 55g L 160mm X W 55mm,unbranded,1.0,
Ajinomato,unbranded,1.0,
Cumin Seeds,unbranded,1.0,
Frozen Fruit Raspberry,unbranded,1.0,
Bed Sheet,unbranded,1.0,
Twinings strawberry green tea,branded,1.0,twinings
CHICKEN KEEMA FOR SEEKH,unbranded,1.0,
Madhusudan Butter,branded,1.0,madhusudan
Sweets Pcs. Rasmalai,unbranded,1.0,
RED PAPRIKA SLICED -840 GM,unbranded,1.0,
#_# Soaked Chia - The Whole Truth,branded,1.0,thewholetruth
#_# Tango Mango - Anando,branded,1.0,anando
Fresh Milk (Full Cream),unbranded,1.0,
Milkhana Melted Cheese,branded,1.0,milkhana
#_# Sticker - Sauce Dip Sticker Crunchy Chilli Oil - Prasuma,branded,1.0,prasuma
POTATO STARCH,unbranded,1.0,
MAPRO BLACK CURRANT 1 LTR,branded,1.0,mapro
Paper Cup Holder,unbranded,1.0,
BARDINET BRANDY 1000 ML,branded,1.0,bardinet
#_# Tender Coconut Litchi Ice Pop - Getaway,branded,1.0,getaway
Number Candles,unbranded,1.0,
Mixed Veg Pickle (5 kg)-Snacc,branded,1.0,snacc
Cooking White Wine 750ml,unbranded,1.0,
Cake Base 5.5x5.5 Plain,unbranded,1.0,
Oregano Herbs (Seasoning ),unbranded,1.0,
Yellow Moong dal,unbranded,1.0,
Tandoori Masala Powder,unbranded,1.0,
#_# Mango Biscoff Tub - Sassy Teaspoon,branded,1.0,sassyteaspoon
KALI MASOOR,unbranded,1.0,
#_# Plain Milk Chocolate Bar 41% [65 g] - Entisi Chocolatier,branded,1.0,entisichocolatier
Orange Juice 1 Lltr,unbranded,1.0,
Pickle Mixed 5Kgs Jar,unbranded,1.0,
Vinyl Sticker 2x1.5 Ft,unbranded,1.0,
Veggie Pizza Pocket,unbranded,1.0,
Soyabeen Chunks-Soya Chunks,unbranded,1.0,
Pickle Sachet,unbranded,1.0,
#_# Sugar Free Coffee Almond Ice Cream Tub (125 ml) - Bina,branded,1.0,bina
HAMDARD ROOHAFZA 750ML,branded,1.0,hamdard
Chocolate Sprinkle,unbranded,1.0,
250ML Tea Pouch with Box,unbranded,1.0,
Fresh Cream - 250ml,unbranded,1.0,
Garlic Bread Seasoning Powder,unbranded,1.0,
Hot dog 7 inch with seeds,unbranded,1.0,
WF - 350 ml Bowl,unbranded,1.0,
#_# Blueberry Greek Yogurt Minis Guilt Free Ice Cream [09 pieces] - Noto,branded,1.0,noto
Lychee Juice 1000 Ml,unbranded,1.0,
#_# The Berry Good Bar 72% [Chocolate Bar] - La Folie,branded,1.0,lafolie
Pesto Hummus 95gm,unbranded,1.0,
NON-VEG BURGER BUN (1x4),unbranded,1.0,
Skimmed Milk Powder (SMP) (Milk Protein - 36 percent),unbranded,1.0,
Brioche Buns 70g D 100mm X H 45mm,unbranded,1.0,
Maraschino Cherry 737 Gms,unbranded,1.0,
Jeera Whole Grade 1,unbranded,1.0,
preethi xpro Duo mg-198 1300w,unbranded,1.0,
Corn Flour Weikfield,branded,1.0,weikfield
CHUNDAKKAI VATHAL,unbranded,1.0,
Mother's Day Double Chocolate Brownie box - Blinkit / Instamart,branded,1.0,blinkitinstamart
Plastic Ch. Mat,unbranded,1.0,
Oat Milk AltCo. 200 ml,unbranded,1.0,
Sauce-Schezwan,unbranded,1.0,
Tapioca Starch 500g pkt,unbranded,1.0,
Cremica Chef Choice Mayo,branded,1.0,cremica
#_# Box of 20 Assorted Ganaches - La Folie,branded,1.0,lafolie
Red Cherry with Stem 850g Tin,unbranded,1.0,
Cashewnuts,unbranded,1.0,
Black Container 1000 ml with partition Lid,unbranded,1.0,
Cheddar White Wyke 2.5 Kg,branded,1.0,wyke
SAUCE MAYONNAISE,unbranded,1.0,
Stainless Steel Scrub,unbranded,1.0,
Tropicana Orange Juice 1 Ltr,branded,1.0,tropicana
Coconut milk powder maggi,unbranded,1.0,
Malas Orange Crush 750ml,branded,1.0,malas
Citric Acid Monohydrate 500 GM,unbranded,1.0,
Chocolate Hamper 812,unbranded,1.0,
Basa Fish,unbranded,1.0,
#_# Hamper Box Of 2 Outer  - The Tiny Tub,branded,1.0,thetinytub
Hoegaarden Belgian Blanche,branded,1.0,hoegaarden
Water Bottle Mrp 70,unbranded,1.0,
#_# Double Cocoa Protien Bar - The Whole Truth,branded,1.0,thewholetruth
Cinnamon Stick Dalchini,unbranded,1.0,
DUSTER YELLOW,unbranded,1.0,
#_# Guava Pop (70 ML) - Noto,branded,1.0,noto
CHICKEN FRY MIXTURE (CF1),unbranded,1.0,
Chicken Broth Powder Knorr,branded,1.0,knorr
Kashmir Chili Whole,unbranded,1.0,
Tata Agni Dust Tea 1 kg,branded,1.0,tata
Plastic Container (Round) - 250 ml,unbranded,1.0,
Cashewnut -2 pcs,unbranded,1.0,
#_# Double Chocolate Chip Cookie Premix - 8 pcs - Sweetish,branded,1.0,sweetish
Mango Juice 1000 Ml,unbranded,1.0,
SOUR DOUGH BREAD,unbranded,1.0,
95 Die lid,unbranded,1.0,
Frozen Sea Bass Fillets,unbranded,1.0,
Dosa Rice,unbranded,1.0,
Amul Cheese Spread 200 Gm,branded,1.0,amul
Crispy Chicken Wings- Drums+Flats,unbranded,1.0,
DISPOSIBLE GLOVES,unbranded,1.0,
Mixed Pickle 1 Kg,unbranded,1.0,
Chicken Tikka Marinated,unbranded,1.0,
MOONG DHULI DAL,unbranded,1.0,
A4 SIZE PAPER,unbranded,1.0,
Shresth Gold Milk 500 Ml,branded,1.0,shresth
MDH - White Pepper Powder 100 gm 30291,branded,1.0,mdh
Tomato ( For Gravy ),unbranded,1.0,
Coffee essence,unbranded,1.0,
Dosa Batter Chilled,unbranded,1.0,
Floor Cleaner 5 Ltr,unbranded,1.0,
Black Fungus,unbranded,1.0,
Cashew Half,unbranded,1.0,
Manchurian Balls 500 Gms,unbranded,1.0,
Valencia Orange,unbranded,1.0,
kikkoman Soya Sauce,unbranded,1.0,
MILK,unbranded,1.0,
Truffle Paste (500gm Pack),unbranded,1.0,
Elastic thread round black 1.1 MM,unbranded,1.0,
Javitri (Mace),unbranded,1.0,
Gas Lighter,unbranded,1.0,
#_# Hazelnut Mousse Cake [500 gms] [Gluten Free] - Sassy Teaspoon,branded,1.0,sassyteaspoon
Duster,unbranded,1.0,
Rose Loose,unbranded,1.0,
CHICKEN THIGH BONELESS (80 - 90 gm),unbranded,1.0,
Biryani Box Printed Round with Lid (1250 gm),unbranded,1.0,
Thai Chilli Paste,unbranded,1.0,
Almond Croissant Sticker (TH),unbranded,1.0,
BASMATI BIRYANI RICE,unbranded,1.0,
Multi Fold Tissue,unbranded,1.0,
Coconut Water,unbranded,1.0,
Sundried Tomatoes in oil,unbranded,1.0,
Nihari Masala,unbranded,1.0,
Butter Paper 15*15,unbranded,1.0,
SS GN PAN LID 1/6,unbranded,1.0,
IDLY POWDER,unbranded,1.0,
RASPBERRY IQF FROZEN,unbranded,1.0,
CAPSICUM - Green,unbranded,1.0,
Plastic Film Pouch 7*10 80 Mic,unbranded,1.0,
RICE ADA,unbranded,1.0,
Ice Tea Bottle - 250ml,unbranded,1.0,
Tea flask - 250 ML -Outer coorugated Box-Snacc,branded,1.0,snacc
CHOCOLATE GANACHE (500GM),unbranded,1.0,
Green Peas,unbranded,1.0,
Non Veg Spring Rolls -SNACC,branded,1.0,snacc
MUTTON BRAIN 1PCS,unbranded,1.0,
Mapro Strawberry  Berry Crush-5 Ltr,branded,1.0,mapro
ALUMINIUM CONTAINER LID 750ML,unbranded,1.0,
Blueberry Cheesecake Jar,unbranded,1.0,
SOYA CHAAP STUFFED SF,unbranded,1.0,
Dry Ice,unbranded,1.0,
Sugar (Chini),unbranded,1.0,
SLEEVES 750 ML BAGASSE CATERSPOINT,branded,1.0,caterspoint
SANDWICH BOX,unbranded,1.0,
Amrut fusion single malt whisky 750 ml,branded,1.0,amrut
TL Hitachi UX Makeup 800ml,branded,1.0,hitachi
Monin Peach flavour,branded,1.0,monin
GARBAGE BAG GREEN,unbranded,1.0,
GREEN CHILLI,unbranded,1.0,
Note Book 240 Pages,unbranded,1.0,
MINERAL WATER BOTTLE 1 LIT SF,unbranded,1.0,
KAFFIR LIME,unbranded,1.0,
#_# COCO 40% Dark Chocolate - Ether,branded,1.0,ether
White Pepper MDH 100 Gms,branded,1.0,mdh
#_# Lotus Biscoff Icecream (125ML) - Bina,branded,1.0,bina
Water Chestnut In Water 567G,unbranded,1.0,
ROSE MARY,unbranded,1.0,
SUGAR SACHET - 5GMS,unbranded,1.0,
#_# Baked Oregano Cheese Matthi - Genda Phool,branded,1.0,gendaphool
STICKER SALAD,unbranded,1.0,
1200 ML ROUND CONTAINER,unbranded,1.0,
MILK AMUL TETRA PACK,branded,1.0,amul
Baked Beans 415 Gm,unbranded,1.0,
Paper Straw,unbranded,1.0,
Lemon Grass (Green),unbranded,1.0,
SOYABEEN RAW,unbranded,1.0,
Chicken wings Coated ( ITC ),branded,1.0,itc
Vanaspati 1kg pkt,unbranded,1.0,
Green Grapes,unbranded,1.0,
Breakfast Sugar 1Kg,unbranded,1.0,
Paper Straws 6mm (100PC),unbranded,1.0,
Liquid Glucose,unbranded,1.0,
GARLIC WHOLE,unbranded,1.0,
RAJDHANI - SOOJI (1KG),branded,1.0,rajdhani
Lemon Leaves Fresh,unbranded,1.0,
Mutton currycut,unbranded,1.0,
Milk Powder Nestle 1 Kg,branded,1.0,nestle
Aampanna juice 150ml,unbranded,1.0,
Cambro Polycarbonate LID for GN Pan 1/1,branded,1.0,cambro
Macroni Rajdhani,branded,1.0,rajdhani
Grover Selecte Chenin Blanc 750 Ml,branded,1.0,grover
Packing tray ( 60x60x25mm ),unbranded,1.0,
Tandoori Chicken Masala Powder,unbranded,1.0,
#_# Cothas Blend Coffee 200 Gm - Murukku,branded,1.0,cothas
Icing Sugar Powder,unbranded,1.0,
#_# Assorted Roleys (Box of 6) - Meemees,branded,1.0,meemees
White Peas Batani,unbranded,1.0,
#_# Cassata (110 ml) - Go Zero,branded,1.0,gozero
Cumin Powder,unbranded,1.0,
Taski R7 - 5ltr Can,branded,1.0,taski
Floor Mat,unbranded,1.0,
Manager Shirt Pink Size-S,unbranded,1.0,
Shot Glass 60Ml,unbranded,1.0,
Coconut Dry whole,unbranded,1.0,
Meat Masala MDH,branded,1.0,mdh
#_# Black Ceaser Dough - Cookie Cartel,branded,1.0,cookiecartel
AA seal stickers,unbranded,1.0,
Dabur Honey,branded,1.0,dabur
#_# Baguette Sourdough - La folie,branded,1.0,lafolie
#_# Tag - Gluten-free Paleo Cookies - Le Four,branded,1.0,lefour
#_# The Great Indian Toffee 300gm - Parsi Dairy Farm,branded,1.0,parsidairyfarm
Fanta Can 300ml-GST@ 28%,branded,1.0,fanta
Fevicol 1 Kg,branded,1.0,fevicol
HING (LG),unbranded,1.0,
Lid for paperbowl 500ml,unbranded,1.0,
Dustbin Cover Small,unbranded,1.0,
Gochujang Sauce,unbranded,1.0,
Gochujang 17kg Tin,unbranded,1.0,
Garbage Bag Green 30 X50,unbranded,1.0,
Green Mustard Microgreen,unbranded,1.0,
Timmys Food Bag,branded,1.0,timmys
Palm Jaggery (per kg),unbranded,1.0,
Micks Lotus Biscoff Biscuit,branded,1.0,micks
Quinoa 1 kg,unbranded,1.0,
Cheese Block Processed,unbranded,1.0,
Amul Fresh Cream 1 Ltr- Exempt,branded,1.0,amul
Duster cloth-Thick Mop,unbranded,1.0,
Palak paste,unbranded,1.0,
Squeeze bottles -  Large,unbranded,1.0,
VINEGAR SYNTHETIC 750ML,unbranded,1.0,
Bread Crumb (Orange),unbranded,1.0,
Chicken Lollypop Plate,unbranded,1.0,
MONIN VANILLA SYRUP 1 L,branded,1.0,monin
Harpic 500 Ml,branded,1.0,harpic
Gram Flour/Besan (Motichur),unbranded,1.0,
Chicken Galouti,unbranded,1.0,
Garbage Bags 29*39,unbranded,1.0,
BLACK PAPER,unbranded,1.0,
Millet Dosa Batter - ME,unbranded,1.0,
Sesame Seeds White,unbranded,1.0,
#_# Baked Salted Caramel Cheesecake - Sassy Teaspoon,branded,1.0,sassyteaspoon
McCain Rosti Round/ Hash Brown 1.5kg,unbranded,1.0,
Sriracha (570gm bottle),unbranded,1.0,
CHANA MASALA MDH 100GM,branded,1.0,mdh
Knor Aromat Seasoning,branded,1.0,knorr
coke 250ml bgl entperises aahar sale (Pack of 28),unbranded,1.0,
Tape Dispenser,unbranded,1.0,
Agnessi Penne Pasta,branded,1.0,agnessi
Rasila Rajma - Outsource,branded,1.0,outsource
Budweiser Premium,branded,1.0,budweiser
MOTICHOOR LADDU 250g,unbranded,1.0,
Kissan Tomato Sause Dip,branded,1.0,kissan
RAGI WHOLE,unbranded,1.0,
Coffee powder Nescafe 500 gm,branded,1.0,nescafe
FULL CREAM MILK,unbranded,1.0,
Diversey Spray Bottles,branded,1.0,diversey
Disposable Paper Glass 150 ml Customized Printed Cups 180 GSM Paper,unbranded,1.0,
Dal Tadka Lentils- ( 920 gms ),unbranded,1.0,
English Toffee,unbranded,1.0,
MTR Sambar,branded,1.0,mtr
Rai (Mustard Seed) 100gm,unbranded,1.0,
BIRTHDAY CAP BOY,unbranded,1.0,
Taski D9 (5lt),branded,1.0,taski
Truffle Oil Urbani 250 ml,branded,1.0,urbani
Kaffir Lime Leaves,unbranded,1.0,
Chocolate Hamper 1864,unbranded,1.0,
Flax Seeds Plain,unbranded,1.0,
#_# Wooden Spoon - Amore,branded,1.0,amore
Chili Powder 1kg pkt,unbranded,1.0,
Strawberry,unbranded,1.0,
PLASTIC CONTAINER 25ML,unbranded,1.0,
Brown Sugar sachet,unbranded,1.0,
Jackfruit Cut (kathal),unbranded,1.0,
Kasoori Methi Dry 100GM,unbranded,1.0,
HONEY GOCHUJANG SAUCE,unbranded,1.0,
Non woven bag cinnamon big,unbranded,1.0,
SEED TIL WHITE NYLON,unbranded,1.0,
CHILLY POWDER  1KG,unbranded,1.0,
#_# Kulfi Insulation Bag - Parsi Dairy Farm,branded,1.0,parsidairyfarm
Natural Mineral Water Aava 500 ml,branded,1.0,aava
Parmesan Cheese 1kg,unbranded,1.0,
Plain Container - Classic Cassata (110 ml),unbranded,1.0,
Frozen Beans (1Kg),unbranded,1.0,
Kaju 4pcs,unbranded,1.0,
MDH Pav Bhaji Masala 100 grams,branded,1.0,mdh
MINI JAMUN 100g,unbranded,1.0,
APRICOT 200 GM PACK,unbranded,1.0,
BROWN BUN,unbranded,1.0,
#_# Jar - Death By Chocolate - Getaway,branded,1.0,getaway
#_# Motichur Laddu 500gms - Dadus,branded,1.0,dadus
Turmeric Powder 500 grams,unbranded,1.0,
#_# Caramelo Banditos Dough - Cookie Cartel,branded,1.0,cookiecartel
Hungritos Permium without Skin On Fries 9Mm,branded,1.0,hungritos
Cheese Slice 200nos X 11.35g 2.27 Kg,unbranded,1.0,
Chipotle Sauce,unbranded,1.0,
GK - Infinite Food - Strawberry Smoothie Premix Powder (58 G x 15 sachet),branded,1.0,infinite
Coffee and Chocolate Brookies,unbranded,1.0,
Pitambari 150 gm,branded,1.0,pitambari
Cone Blueberry Cheesecake  110 Ml,unbranded,1.0,
Raspberry Fruit,unbranded,1.0,
AMUL CHEESE SP PLAIN,branded,1.0,amul
Black and White 750Ml,unbranded,1.0,
2 Cp-Snacc,branded,1.0,snacc
SAUCE SOYA DARK,unbranded,1.0,
#_# Sweet Chilli Sauce 15g - Prasuma,branded,1.0,prasuma
Korean Chilli Powder 300 gm,unbranded,1.0,
110 Ml Tea paper cup-Snacc,branded,1.0,snacc
Fajita Topping,unbranded,1.0,
Burger Box,unbranded,1.0,
Aluminium (Silver) Pouches 6 inch * 9 inch (Pack of 100) 137302,unbranded,1.0,
Sugar Regular,unbranded,1.0,
SHIKANJI MASALA,unbranded,1.0,
Crunchy butterscotch PP 100ML,unbranded,1.0,
Tape 1 Inch,unbranded,1.0,
Nestle Water (19 Litre),branded,1.0,nestle
ALMOND(BADAM),unbranded,1.0,
Chick peas,unbranded,1.0,
SUGAR,unbranded,1.0,
Kitchen King MDH 100 Gm- GST @ 5%,branded,1.0,mdh
MANGO JUICE 1 LTR,unbranded,1.0,
Lettuce Lollo Rosso,unbranded,1.0,
American corn Sweet (per piece),unbranded,1.0,
Shimeji Mushrooms,unbranded,1.0,
#_# Prasuma FS Tandoori Veg Momos - Prasuma,branded,1.0,prasuma
#_# French Vanilla (500 ml) - Go Zero,branded,1.0,gozero
Budweiser 330Ml,branded,1.0,budweiser
BREAD CRUMBS,unbranded,1.0,
Air Freshener Godrej,branded,1.0,godrej
Sandburgs Truffle Barbeque sauce (500 gram),branded,1.0,sandburgs
SEED POPPY,unbranded,1.0,
Pork Red Meat,unbranded,1.0,
Full Box / Big Box,unbranded,1.0,
NUTS CASHEW 4PCS,unbranded,1.0,
A4 Sheet,unbranded,1.0,
#_# Strawberry Kulfi 300gm - Parsi Dairy Farm,branded,1.0,parsidairyfarm
Golgappa Sooji,unbranded,1.0,
T-shirt - M size,unbranded,1.0,
#_# Pink Dome Box 1/2 Kg - Sassy Teaspoon,branded,1.0,sassyteaspoon
Silicon Dioxide,unbranded,1.0,
Wild Rocket Micro 100 gm,unbranded,1.0,
Sunflower Oil,unbranded,1.0,
Dried Shiitake mushroom 1kg,unbranded,1.0,
MDH Kashmiri Chilli Powder 100 grams,branded,1.0,mdh
Kiley Soda 250 ML - SNACC,branded,1.0,snacc
ONION RINGS (PB),unbranded,1.0,
#_# Cookies and Cream Ice-cream Tub (100ml) - Meemees,branded,1.0,meemees
Sauce-Peri peri,unbranded,1.0,
Coriander Green,unbranded,1.0,
Water Chestnuts,unbranded,1.0,
Monin Raspberry,branded,1.0,monin
Vanaspati Ghee nature fresh,unbranded,1.0,
White Raddish,unbranded,1.0,
Pizza Cheese,unbranded,1.0,
#_# Square Butter Paper - Le Four,branded,1.0,lefour
Sarwar Onion Powder 450gm,branded,1.0,sarwar
Veg Spring Roll (pack of 25Pcs),unbranded,1.0,
Mdh Dhaniya powder 500gm,branded,1.0,mdh
Cherry Tomato,unbranded,1.0,
CREAM,unbranded,1.0,
Container Paper Printed 250 ML ( dia 116 ) with LID,unbranded,1.0,
Tropicana Mango Juice 1Ltr,branded,1.0,tropicana
A5 Voucher Leaflet,unbranded,1.0,
Monin Blue Curaco 700 ml,branded,1.0,monin
AACHI KULAMBU MILAKAI STAFF,branded,1.0,aachi
Goat Cheese,unbranded,1.0,
TT RIBBAN J304 (110MM X 300MTR),unbranded,1.0,
Sweets Milk Barfi Red Velvet,unbranded,1.0,
HALDI POWDER,unbranded,1.0,
Maggi Cubes Chicken,branded,1.0,maggi
Cake Card 6,unbranded,1.0,
Ker Sangri,unbranded,1.0,
RED CABBAGE,unbranded,1.0,
Fresh Button Mushroom (200GM),unbranded,1.0,
Salad Oil 500mL,unbranded,1.0,
#_# Sticker - Momo Kitchen 40mm - Prasuma,branded,1.0,prasuma
Biryani Rice(1121 XXXL),unbranded,1.0,
LAVA CAKE LID,unbranded,1.0,
Brown Onion Grinded,unbranded,1.0,
Onion Sambar,unbranded,1.0,
Pitambari Powder,branded,1.0,pitambari
#_# Sticker - Mango Protein Smoothie - The Whole Truth,branded,1.0,thewholetruth
500 Ml Round Container With Lids (White),unbranded,1.0,
Chicken Tikka filling-Snacc,branded,1.0,snacc
Chineese Cabbage,unbranded,1.0,
Spray Bottle with Trigger (750 ML),unbranded,1.0,
Frozen orange,unbranded,1.0,
Rice flour Vijay 1KG-SNACC,branded,1.0,snacc
MONIN HAZELNUT SYRUP 1LTR,branded,1.0,monin
Corona Lager Beer 330 ml,branded,1.0,corona
Twinning Lemon Tea,branded,1.0,twinings
#_# Misti Doi 100gm - Parsi Dairy Farm,branded,1.0,parsidairyfarm
Thai Tea Mix 400g packet Chatramue,branded,1.0,chatramue
100 ML PAPER  Container,unbranded,1.0,
Lamb Rack Cap Off 1 Pkt,unbranded,1.0,
#_# Sticker - Sauce Dip Sticker Tangy Thai Tom Yum Sauce - Prasuma,branded,1.0,prasuma
Outer Bag SOS 70 GSM - Snacc,branded,1.0,snacc
Prawns 40/50 C,unbranded,1.0,
Filter Coffee Powder,unbranded,1.0,
Harpic 500 ml,branded,1.0,harpic
Butter Croissant-Snacc,branded,1.0,snacc
ITC Long Note Book 160 pages hard,branded,1.0,itc
MS FRYPAN 14,unbranded,1.0,
WALNUT,unbranded,1.0,
BLACK OLIVE 3KG,unbranded,1.0,
Ketel One Vodka 750 ml,branded,1.0,ketel
WALNUT BROKEN 1 KG,unbranded,1.0,
Butter Chicken Nuggets,unbranded,1.0,
Hoegaarden,branded,1.0,hoegaarden
Oregano Herb 1 Kg,unbranded,1.0,
French Fries 11mm 2.5 Kg,unbranded,1.0,
Basil,unbranded,1.0,
Pickle Andhra,unbranded,1.0,
Shower Gel 5Ltr,unbranded,1.0,
COOKIES JAR WITH LID (46 Pcs),unbranded,1.0,
Refined Oil,unbranded,1.0,
RICE DOSA,unbranded,1.0,
#_# Curry Leaves,unbranded,1.0,
Pizza Platter Butter Paper 16*9,unbranded,1.0,
tanquery gin 750,unbranded,1.0,
DV Grenadine Syrup 750 ml,unbranded,1.0,
#_# Chocolate Coated Salted Pistachio Dragees Jar [120 grams] - Entisi Chocolatier,branded,1.0,entisichocolatier
Q-com Teacake Blister Tray,unbranded,1.0,
Staff tea,unbranded,1.0,
Whole Wheat Penne Pasta,unbranded,1.0,
bakery paper bags,unbranded,1.0,
MOTICHOOR LADDU 500g,unbranded,1.0,
Aavin Milk,branded,1.0,aavin
WHITE PITTA BREAD (1pcs),unbranded,1.0,
Chicken Box (Small),unbranded,1.0,
dhaniya whole,unbranded,1.0,
Light Soya Sauce,unbranded,1.0,
#_# Frozen Chonk O Rocher - Chonkers,branded,1.0,chonkers
Ghee Pure 500 Ml,unbranded,1.0,
ANGOSTURA Aromatic bitters (200ML),branded,1.0,angostura
Purple Cabbage,unbranded,1.0,
Safed mirchi,unbranded,1.0,
PP Bag 12x18 Inch,unbranded,1.0,
#_# Big Bag - Stroopie,branded,1.0,stroopie
Nimbu (Lemon),unbranded,1.0,
Black Cardamom 250gm,unbranded,1.0,
Possmei Passion Fruit Syrup 2.5Kg bottle,branded,1.0,possmei
Bagasse Burger BOX  WIDE BASE,unbranded,1.0,
Kimirica White Gold Tooth Brush pack,branded,1.0,kimirica
Sipper Cup 300ml,unbranded,1.0,
#_# Cheese (Melted) - Prasuma,branded,1.0,prasuma
Mackeral 6/8,unbranded,1.0,
White sesame Seeds 100G - Sancc,branded,1.0,sancc
urad dal,unbranded,1.0,
Paper Printed Kebab Box 6 Compartment,unbranded,1.0,
ROSTED CHANA DAL,unbranded,1.0,
Ajwain Whole,unbranded,1.0,
Tastecraft Pistachio Flavoured Syrup 750ml,branded,1.0,tastecraft
Tandoori Tikka Masala,unbranded,1.0,
Paper A4,unbranded,1.0,
#_# Cube Pouches - Entisi Chocolatier,branded,1.0,entisichocolatier
variyali,unbranded,1.0,
Danish White Feta 500GM,unbranded,1.0,
Corrugated Box Small,unbranded,1.0,
Wooden Spoon (100PCs Each),unbranded,1.0,
Brown Packing Tape 2 Inch,unbranded,1.0,
Gochujang Paste 500gm pkt,unbranded,1.0,
Silver Pouch,unbranded,1.0,
#_# Eggless Chocolate Chip Pound Cake - Sweetish,branded,1.0,sweetish
BREAD SANDWICH,unbranded,1.0,
T65  CAKE FLOUR,unbranded,1.0,
#_# Naga Chilli Sauce - Prasuma,branded,1.0,prasuma
Paper Plate,unbranded,1.0,
Broccoli  incremental 0.5 10301,unbranded,1.0,
EGG FREE RED VELVET CAKE MIX,unbranded,1.0,
Tata Salt 1kg,branded,1.0,tata
Mozzarella Cheese - Flanders,branded,1.0,flanders
Bulgogi Sauce,unbranded,1.0,
#_# Cone - Dark Chocolate [ 120 ml ] - Getaway,branded,1.0,getaway
TORCH BLOW COOKING,unbranded,1.0,
Monin Peach Syrup,branded,1.0,monin
T-SHIRT BLACK-L,unbranded,1.0,
Seafood-Basa,unbranded,1.0,
