title,label,brandname,conf_phase1,conf_phase2,verdict,status,flags,opus_label,web_findings
HOLLO MAT3125*5,Branded,HOLLO,0.0,0.0,D,review,likely_wrong,Branded,"Here is what the web reveals regarding the name “HOLLO” in the context of a potential Indian brand, company, or seller: - There is a HOLLO trademark registered in the United States by **Hollo, LLC**, covering kitchen spatulas (USPTO Class 21), located in Mercer Island, Washington, first used in commerce December 8, 2022, and registered February 6, 2024 ([trademarkelite.com](https://www.trademarkelite.com/trademark/trademark-detail/97747293/HOLLO?utm_source=openai)). - Another **Hollo** trademark application exists in the U.S. by **Hollo Medical Inc.**, filed January 25, 2025, for medical apparatus related to inhalers and nebulizers (Class 10) ([trademarks.justia.com](https://trademarks.justia.com/990/18/hollo-99018573.html?utm_source=openai)). - In India, “HOLLO” appears as a removed trademark (Class 25, garments) filed June 22, 1999, under proprietor **Dharam Chand Bhatia**, based in Ch"
TG-Party Snacks 35G Pouch,Branded,TG,0.0,0.0,D,review,likely_wrong,Branded,"Here’s what I found regarding the candidate name **“TG”** in relation to Indian brands or companies, especially in the food/snack sector: • **TG Food And Beverages Private Limited**: This is a registered, active private limited company incorporated on September 28, 2021, headquartered in Bangalore, Karnataka. It is classified under hospitality & wellness (NIC code 5520, restaurants/bars/canteens). Directors are Giriyappa Balaji and Shriya Balinda Ramesh ([allindiaitr.com](https://www.allindiaitr.com/company/tg-food-and-beverages-private-limited/U55201KA2021PTC152399?utm_source=openai)). • No other distinct **“TG”** brand or seller specifically tied to snacks or party food surfaced. However, several other companies include “TG” in their names in different sectors, such as TG Polymers & Co. (packaging, Kerala) ([tgpolymers.com](https://www.tgpolymers.com/blank-1?utm_source=openai)), but th"
QT Rail,Branded,QT Rail,0.0,0.0,D,review,likely_wrong,Branded,"I searched for ""QT Rail"" in the context of India as a possible brand, seller, or company. I found no evidence of any real company, trademark registration, marketplace listing, or seller operating under that exact name in India’s grocery, food‑service, or B2B sectors. However, I did identify a company named **Qrail** (without the space), which operates in India and was founded in 2013. It provides an online platform for real‑time train and flight status enquiries; its activities are in transportation/logistics—not groceries or food services ([thecompanycheck.com](https://www.thecompanycheck.com/company/b/qrail/d407958fda904c908?utm_source=openai)). Since the catalog context suggests that seller names may appear on unrelated items, but no listing or registration exists for ""QT Rail"" in relevant Indian business or trademark directories, there's likely no corroborating evidence for ""QT Rail"""
#_# Big Blue Box - Sweetish,Branded,Big Blue Box,0.0,0.0,D,review,likely_wrong,Branded,"Here’s what I found regarding **“Big Blue Box”** as a brand/company/seller: 1. I did not locate any Indian-based company, seller, or trademark with the exact name **“Big Blue Box”** in the food, grocery, bakery, or D2C sectors. 2. I did find **Big Box International Pvt. Ltd.**, an Indian company (founded 2012) offering e‑commerce solutions headquartered in New Delhi with a manufacturing hub in Ghaziabad, Uttar Pradesh ([bigboxcorp.com](https://bigboxcorp.com/home/?utm_source=openai)). 3. There is also **BIG‑BOX Distribution LLP**, an active LLP registered in Mumbai since December 2021, with partners listed and a registered address in Bandra East ([zaubacorp.com](https://www.zaubacorp.com/BIG-BOX-DISTRIBUTION-LLP-AAV-8088?utm_source=openai)). 4. Outside India, there is a U.K. company called **The Big Blue Box Ltd**, based in Weybridge, Surrey ([thebigbluebox.co.uk](https://thebigbluebox.c"
Bandan Cap,Branded,Bandan Cap,0.0,0.0,D,review,likely_wrong,Branded,"I searched for “Bandan Cap” in the context of Indian brands, sellers, or companies, but found no clear matches to that exact name. However, I did find similarly named entities: • “Bandan Corporate Private Limited” is an active electronics‐related private limited company based in Orai, Uttar Pradesh (incorporated January 11, 2023), with a registered capital structure and known directors ([allindiaitr.com](https://www.allindiaitr.com/company/bandan-corporate-private-limited/U52601UP2023PTC176825?utm_source=openai)). • “Yogi Cap Works” in Mumbai (Mohammed Ali Road) is a manufacturer, exporter, supplier, and retailer of bandana caps and related headwear ([exportersindia.com](https://www.exportersindia.com/yogi-cap-works/?utm_source=openai)). Thus, while “Bandan Cap” does not appear as a distinct, recognized cap brand or seller in India, there are real companies whose names are either close ("
UH ZUCCHINI GREENSMALL DICE1 KG / BAG,Branded,UH,0.0001,0.0,D,review,likely_wrong,Branded,"I found no evidence of a company, brand, or seller based in India with the exact name “UH” in the food, grocery, or food-service space. Searches for “UH” as a standalone brand or seller yielded only a generic corporate listing (company founded in 1997 with domain uh.com, with no business details) ([thecompanycheck.com](https://www.thecompanycheck.com/company/b/uh/mbwgs0gy2vl5orikd?utm_source=openai)). I also found “U Foods (India) Private Limited,” incorporated in Haryana in 2014, active in food processing (fish products, fruit bars, jellies, confectionery under brands such as Fruball and Yoli Yola), but this name is “U Foods,” not “UH” ([ufoodsindia.com](https://www.ufoodsindia.com/?utm_source=openai)). No matching trademarks, store listings, or sellers named “UH” related to diced zucchini or similar products were found."
Q-com Teacake Blister Tray,Branded,Q-com,0.0,0.0,D,review,likely_wrong,Branded,"I searched for ""Q‑com"" in the context of Indian brands, sellers, or companies related to grocery, bakery, or food‑service: - There is an **Amazon.in seller named “Amazon Retail QCom”**, a top‑10 seller on that marketplace as of 2025—it appears to be a seller account, not necessarily a brand or company registered under the name “Q‑com” ([sellerratings.com](https://www.sellerratings.com/amazon/india/amazon-retail-qcom?utm_source=openai)). - I located an **Indian company named Q Com Private Limited**, incorporated in Bangalore on March 10 2000, engaged in IT/data‑processing work, but it is currently struck off and not connected to food, groceries, or similar categories ([thecompanycheck.com](https://www.thecompanycheck.com/company/q-com-private-limited/U72300KA2000PTC026571?utm_source=openai)). No other Indian company or seller using ""Q‑com"" in this context surfaced in the search results."
Tea flask - 250 ML -Outer coorugated Box-Snacc,Branded,Snacc,0.0001,0.0,D,review,likely_wrong,Branded,"Here’s what I found regarding “Snacc” as a brand or seller in India: - **Snacc (clean‑label snacks)**: “Snacc” is a consumer-facing snack brand in India offering clean‑label products such as various flavored makhana (fox nuts). The brand’s About Us page notes it focuses on additive‑free, vegan, gluten‑free snacks and identifies its founder as Shrey Arora ([eatsnacc.com](https://eatsnacc.com/pages/about-us?utm_source=openai)). - **Snacc Bars (protein bars)**: Another entity using the “SNACC” name is SNACC Bars (part of Raw Canvas LLP), a teen‑targeted clean‑label protein‑bar brand based in Mumbai, with a founder named Rayhan Khimji ([mysnacc.com](https://www.mysnacc.com/?utm_source=openai)). - **Snacc Mart (snack platform)**: A Bengaluru‑based women‑led company named Snacc Mart sources and delivers Indian snacks (namkeens) from home‑based makers; the brand is listed on Swiggy and Zomato a"
Sargvo-Drumsticks,Branded,Sargvo,0.0003,0.0,D,review,likely_wrong,Branded,"I searched for “Sargvo” as a potential brand or seller in India and found no evidence of any company, trademark, or marketplace listing under that name. I did locate some phonetically similar names—**Sargo Tools Pvt. Ltd.**, an automotive components manufacturer in Faridabad (Haryana) ([sargotools.com](https://sargotools.com/?utm_source=openai)), and **Sarvo Technologies Limited**, a machinery‑manufacturing firm also in Faridabad ([emis.com](https://www.emis.com/php/company-profile/IN/Sarvo_Technologies_Limited_en_4059006.html?utm_source=openai))—but none match “Sargvo.” There were no active trademarks for “Sargvo,” nor alternative seller names on catalog items that suggest a mis‑tag."
Dollur Amla Jar,Branded,Dollur,0.0003,0.0,D,review,likely_wrong,Branded,"I found no evidence that **Dollur** is a recognized brand, company, or seller in India related to grocery or food-service, nor any trademark or registration under that name, even after searching various business and corporate records. However, I did find a company named **DOLLOR TECHNOLOGIES PRIVATE LIMITED**—registered in Chennai, Tamil Nadu and incorporated on May 10, 2018, operating in the manufacture of motor vehicles, trailers, and semi-trailers. This appears unrelated to food or groceries ([instafinancials.com](https://www.instafinancials.com/company/dollor-technologies-private-limited-U34300TN2018PTC122600?utm_source=openai)). Thus, while no food‑relevant “Dollur” entity appears online, a similarly spelled legal entity does exist—but not in the expected industry or region."
Nam Shop Sticker   Prawn Crackers Large,Branded,Nam Shop,0.0003,0.0,D,review,likely_wrong,Branded,"I found no evidence of a company, brand, or seller in India named ""Nam Shop"" connected to prawn crackers or related food products. No trademark or business registry entries matched that name in this context. The only close hit was ""NAM Packaging Private Limited,"" a paper and packaging manufacturer in Faridabad, Haryana—clearly unrelated to food or grocery retail. ([zaubacorp.com](https://www.zaubacorp.com/NAM-PACKAGING-PRIVATE-LIMITED-U21000HR2021PTC093514?utm_source=openai)) Therefore, while ""Nam Shop"" appears in your catalog, it does not correspond to any distinct Indian brand or company in groceries or prawn snack manufacturing based on available public sources."
Triplesec,Branded,Triplesec,0.0006,0.0,D,review,likely_wrong,Branded,"I searched extensively for “Triplesec” as a brand, company, or seller name in the Indian B2B grocery or food-service sector and found no evidence of any Indian company, trademark, D2C label, cloud kitchen, bakery, or supplier using that exact name. Searches for “Triplesec” and variations returned only an external (non‑Indian) cybersecurity firm named Triple SEC based in Silicon Valley, U.S., offering IT security services, but unrelated to grocery or food-service ([triplesecconsulting.com](https://www.triplesecconsulting.com/locations?utm_source=openai)). There were no listings under Indian company registries, marketplaces, or brand catalogs matching the name “Triplesec.” Consequently, while the catalog’s use of “Triplesec” may refer to a real seller, I found no public record linking that name to any known Indian business entity."
Aampanna juice 150ml,Branded,Aampanna,0.0005,0.0,D,review,likely_wrong,Branded,"Here’s what the web reveals about **“Aampanna”** as a brand, company, or seller: • A search for “Aampanna” does not return any standalone company or brand registered under that exact name. There is, however, a **trademark for “Aampanna”** in combination with “Indi Twist Delhi Twister Vodka” owned by **United Spirits Limited**, covering alcoholic beverages in Class 33; this is unrelated to juices or food-service products ([indiafilings.com](https://www.indiafilings.com/search/indi-twist-delhi-twister-vodka-aampanna-label-tm-1289114?utm_source=openai)). • A marketplace listing on **Quicklly (USA)** uses “Aampanna” in the product title “Deep Green Mango Drink Aam Panna Aampanna”, sold by **India Cash Carry Sunnyvale** via Quicklly ([quicklly.com](https://www.quicklly.com/grocery-store/deep-green-mango-drink-aam-panna-aampanna/64005?utm_source=openai)). This suggests “Aampanna” may be a sell"
White sesame Seeds 100G - Sancc,Branded,Sancc,0.0009,0.0,D,review,likely_wrong,Branded,"I found no evidence for a company, brand, or seller named exactly “Sancc” in India related to grocery, food service, or sesame seeds—no listings, trademarks, or marketplaces reference that spelling. However, I did identify ""Sanch Farms Private Limited,"" a D2C food-focused company based in Pune, offering natural food products like cold‑pressed oils and A2 ghee, using the name “Sanch” (without the doubled ‘c’) ([internshala.com](https://internshala.com/company/sanch-farms-private-limited-1729589766/?utm_source=openai)). Given the similarity, it's possible “Sancc” is a typographical variant of “Sanch.” But strictly speaking, “Sancc” appears unregistered in the food business as per current web records. Let me know if you’d like me to dig into similar names like ""Sanch"" further or examine other catalog tokens."
Quarry And Tile Floor Cleaner (120X2Oz),Branded,Quarry And Tile,0.0009,0.0,D,review,likely_wrong,Branded,"I searched the web for any legitimate company, brand, or seller in India using the exact name “Quarry And Tile” associated with floor cleaners or similar products. I found no references to a business, brand, trademark, or listing under that name in India or globally—no domain registrations, product pages, or marketplace offers tied to “Quarry And Tile” as an entity. However, I did find multiple real Indian companies offering tile‑ and stone-care products with similar generic terms (“Stone & Tile Cleaner”), but none appear to use “Quarry And Tile” as their brand or seller identity. For example: • Wallnut Building Solutions markets a “Zeoclean Series” of tile & stone cleaners in Maharashtra and Gujarat—including heavy‑duty, pH‑neutral maintenance, stone‑safe, and daily‑clean variants—but does not use “Quarry And Tile” as a name ([wallnut.co.in](https://wallnut.co.in/?utm_source=openai)). •"
N20 Whipped Cream Chargers,Branded,N20,0.0026,0.0,D,review,likely_wrong,Branded,"I found no evidence of an Indian company, brand, or seller named exactly “N20” in connection with whipped‐cream chargers or related products. The term “N20” appears generically in global product descriptions (e.g. “ISi Eco Series N20 Cream Chargers,” “Fizzywhip N20”) but these refer to nitrous oxide (N₂O) — a chemical designation — rather than an Indian brand or seller ([espressoparts.com](https://www.espressoparts.com/products/isi-eco-series-n20-professional-cream-chargers-24pk?utm_source=openai)). However, I did find an Indian/Bakasi-based seller on the Indonesian marketplace Blibli (not India, but in Southeast Asia) offering “ISI Refill Whip Cream Charger / whip cream maker n20,” where “ISI” is clearly identified as the brand (original Austria), and the seller is “Rotaryana Bekasi” located in Bekasi (Marga Mulya) ([blibli.com](https://www.blibli.com/p/isi-refill-whip-cream-charger-whi"
Prepit Hyderabad Biriyan 1 kg,Branded,Prepit,0.005,0.0,D,review,likely_wrong,Branded,"I found no evidence of any company, brand, seller, or entity in India using the name ""Prepit"" in the context of grocery, food service, or related—especially none tied to Hyderabad or biryani—even after searching terms like “Prepit Hyderabad food” and “Prepit kitchen Hyderabad.” The only relevant matches were: - Prepit: a Canadian SaaS provider of cloud-based food & beverage management and loyalty software headquartered in Toronto, established in 2022 ([exploretech.io](https://www.exploretech.io/en/vendor/prepit?utm_source=openai)). - Prepit: an Australian-owned meal-prep container brand focused on kitchenware, unrelated to food products or Hyderabad ([prepit.com.au](https://www.prepit.com.au/pages/about-us?utm_source=openai)). - Prepit Capsule: a pharmaceutical product (aprepitant) marketed by Khandelwal Laboratories in India, unrelated to food ([1mg.com](https://www.1mg.com/drugs/prepit"
Milkhana Melted Cheese,Branded,Milkhana,0.0248,0.0,D,review,likely_wrong,Branded,"I found no evidence of a company, brand, or seller named “Milkhana” in India connected to dairy, groceries, or melted cheese products. Therefore, the web search did not identify any company or brand matching the name ""Milkhana."" However, I did find a similarly named company, **Milkvana Dairy Private Limited**, a real entity based in Thane, Maharashtra (Shop No. 112, 1st Floor, Block‑3, Emerald Plaza, Hiranandani Meadows) ([thecompanycheck.com](https://www.thecompanycheck.com/company/milkvana-dairy-private-limited/U15209MH2021PTC362223?utm_source=openai)). Despite the similarity in spelling, this company uses the name **Milkvana**, not “Milkhana.” In summary: no result for “Milkhana” as a brand, company, or seller; but “Milkvana Dairy Private Limited” exists and is a legitimate dairy manufacturer in Maharashtra."
Ciclo Printed Cake Box 2Pc,Branded,Ciclo,0.0759,0.0,D,review,likely_wrong,Branded,"Here’s what I found regarding the name ""Ciclo"" as a possible brand, company, or seller in India—not limited to cake boxes: • **Ciclo Cafe Private Limited** — An Indian food and beverage company based in Chennai, Tamil Nadu, incorporated on October 1, 2015. It operates in the accommodation and food service sector, registered under CIN U74900TN2015PTC102418, and has been active with filings as recently as March 31, 2024. ([thecompanycheck.com](https://www.thecompanycheck.com/company/ciclo-cafe-private-limited/U74900TN2015PTC102418?utm_source=openai)) • **Ciclo Café (restaurant chain)** — A café brand under TIAM Foods, with outlets in Chennai’s neighborhoods (Kotturpuram, Anna Nagar, Uthandi, Guindy) and Pondicherry, offering a fusion café experience. ([tiamfoods.com](https://tiamfoods.com/?utm_source=openai)) • **Ciclo (US tech company)** — A cannabis supply-chain technology company founde"
SAMSEER MARK,Branded,Samseer,0.15,0.0,D,review,likely_wrong,Branded,"I found no evidence of a company, brand, D2C label, cloud-kitchen, or seller named **Samseer** in the Indian foodservice or grocery context. No trademarks under the name “Samseer” appear in public Indian trademark listings ([indiafilings.com](https://www.indiafilings.com/search/super-mamma-tm-4815945?utm_source=openai)). The searches did yield individuals named Samseer (e.g., Samseer K, Samseer Mambra), but these are personal profiles on LinkedIn and not relevant to food or brand ownership ([in.linkedin.com](https://in.linkedin.com/in/samseer-k-60a083237?utm_source=openai))."
Shresth Gold Milk 500 Ml,Branded,Shresth Gold,0.0302,0.0,D,review,likely_wrong,Branded,"Here’s what the web reveals about the name **“Shresth Gold”** as it relates to brands, trademarks, or sellers in India: - A company named **“Shresth Dairy”** (Raghuani trading as Shresth Dairy) filed a trademark in class 29 (milk and other dairy products) under the name **“SHRESHTH”**, but that application is **abandoned**, not active. ([indiafilings.com](https://www.indiafilings.com/search/shreshth-tm-1000601?utm_source=openai)) - A private company named **“Shresth International”**, based in Gurgaon (Haryana), operates in grocery and bakery retail, but has no apparent connection to milk or “Gold” product lines. ([bharatibiz.com](https://www.bharatibiz.com/en/shresth-international-098118-73242?utm_source=openai)) - There is **no active trademark** or clearly registered company under the exact name **“Shresth Gold”** in dairy or related categories. - However, a somewhat similar name, **“S"
#_# Big Bag - Stroopie,Branded,Big Bag,0.0995,0.0,D,review,likely_wrong,Branded,"Here’s what I found regarding the candidate name **“Big Bag”** as a brand/company/seller in India: - There is **Big Bags International Private Limited** (often referred to as **Big Bags (India) Pvt. Ltd.**), incorporated around 2000–2000 in Karnataka, headquartered in Bengaluru or Mangalore. It is a manufacturer and exporter of packaging and flexible intermediate bulk containers (FIBC) such as big bags and PE tarpaulins, with certifications like ISO 9001, ISO 22000, HACCP, BRC-IOP, AIB ([exportersindia.com](https://www.exportersindia.com/bigbags/about-us.htm?utm_source=openai)). Its registered offices are in Peenya Industrial Estate, Bangalore (CIN U24304KA2000PTC027403) and Block No. 8 EPIP, Ganjimutt, Mangalore ([thecompanycheck.com](https://www.thecompanycheck.com/company/big-bags-international-private-limited/U24304KA2000PTC027403?utm_source=openai)). - The company employs thousands "
CELLOFIN PAPER,Branded,Cellofin,0.1733,0.0,D,review,likely_wrong,Branded,"Search results show no listing for any brand, company, or seller named “Cellofin” in India or elsewhere, based on multiple web queries of the term in various contexts. Distinctive tokens in the product title—such as “CELLOFIN”—do not appear connected to any registered business, trademark, or marketplace listing on publicly indexed sites. However, a similar‐looking name, “Celofe Pvt. Ltd.,” exists as a Delhi‐based supplier of various cheeses (mascarpone, ricotta, etc.), but this is spelled differently and appears unrelated. ([exportersindia.com](https://www.exportersindia.com/celofe-pvt-ltd/?utm_source=openai))"
Rice Flat Noodle 10mm   500g pkt   How How,Branded,How How,0.2568,0.0,D,review,likely_wrong,Branded,"I conducted a web search for “How How” as a standalone brand or company name in India, especially in the grocery or food-service sector, and found no credible matches—no registered business, trademark, seller listing, or marketplace presence under that exact name. However, I then checked whether “How How” might appear as part of another phrase or tied to another brand (e.g., “– How How” as seller name in this listing), but again found no associations or instances. Therefore, based on available online data, no entity operating in India under the precise name “How How” appears to exist, whether as a brand, company, seller, or marketplace listing."
MRD Stickers,Branded,MRD,0.539,0.0,D,review,likely_wrong,Branded,"Here’s what the web reveals about “MRD” as a company or brand name in India: • MRD India – a market research and consulting firm based in Kolkata, West Bengal. Offers services including market research, brand promotion, strategy consulting, and events ([mrdindia.in](https://www.mrdindia.in/about/?utm_source=openai)). • MRD Laboratory (OPC) Private Limited – a NABL-accredited food and water testing lab located in Kondhwa, Pune, certified under ISO 17025:2017 and ISO 9001:2015 ([mrdlaboratory.in](https://www.mrdlaboratory.in/about.html?utm_source=openai)). • MRD Hotels Private Limited – an active hospitality company founded in July 2006, based in New Delhi, operating in accommodation and food services ([thecompanycheck.com](https://www.thecompanycheck.com/company/mrd-hotels-private-limited/U55204DL2006PTC150534?utm_source=openai)). • Mrd Software Solutions Private Limited – a business outs"
Chilled Chicken Thigh Boneless 1 kg (Rsons),Branded,Rsons,0.6442,0.0,D,review,likely_wrong,Branded,"I found the following legitimate entities in India using the name ""Rsons"" (or close variants): • Rsons Garments Private Limited – a private limited company incorporated on 8 September 2017 in New Delhi, operating in denim and casual wear manufacturing. Headquartered at E‑16/1268 2nd Floor, Bapa Nagar, Karol Bagh, New Delhi, with directors Uday Kumar Sahu and Sobha Kumari ([thecompanycheck.com](https://www.thecompanycheck.com/company/rsons-garments-private-limited/U18209DL2017PTC323391?utm_source=openai)). • Rson (without the “s”) – a supplier based in Mohali, Punjab, established in 1995, trading industrial components like 99.9% pure silver electrodes, programmable timers and motor starters([tradeindia.com](https://www.tradeindia.com/rson-2458375/?utm_source=openai)). No Indian food‑service, grocery, or poultry‑related business named ""Rsons"" appeared in search results tied to that name."
NONBROMITE BREAD IMPROVER 1 KG 0157,Branded,Nonbromite,0.7432,0.0,D,review,likely_wrong,Branded,"I searched extensively for any indications that “Nonbromite” is used as a real brand, company name, trademark, or seller in India. I found **no credible evidence**—no registered company, storefront, marketplace listing, or trademark under that name appears in public sources, directories, or the Indian Trademark Register. I also did not encounter “Nonbromite” being used in any trade names or product lines when searching for the term independently or in related contexts. Because nothing turned up, I can confidently state that no real company or seller using the name “Nonbromite” is known to be operating in India—at least as per publicly available information."
Classic Ice Burst 10 Nos,Branded,Classic Ice Burst,0.8245,0.0,D,review,likely_wrong,Branded,"Here’s what the web reveals about “Classic Ice Burst”: Classic Ice‑Burst is a registered cigarette variant under the “Classic” brand owned by ITC Limited (originally Wills), a major Indian tobacco company. The trademark “Classic Ice Burst” was filed by ITC and registered in India — under Class 34 (tobacco products and smokers’ articles) — on March 19, 2015, with usage dating back to October 7, 2014; renewal is valid until 2035 ([quickcompany.in](https://www.quickcompany.in/trademarks/2925981-classic-ice-burst?utm_source=openai)). The “Classic” brand (by ITC) includes multiple variants such as Classic Ice‑Burst, Classic Double Burst, Classic Verve, and others, and is part of ITC’s cigarette portfolio marketed in India ([en.wikipedia.org](https://en.wikipedia.org/wiki/Classic_%28cigarette%29?utm_source=openai)). Multiple online retailers—including Indie Smoke, Jiffy by Spencers, Quick Comp"
#_# Wooden Spoon - Amore,Branded,Amore,0.8376,0.0,D,review,likely_wrong,Branded,"Here’s what the web reveals about the name **“Amore”** in an Indian context, based on brands, companies, or trademark registrations: 1. **Amore Food Technologies Private Limited** – A private limited company incorporated on 19 February 2024 in Mumbai, Maharashtra, India, operating in the food sector. Address: Andheri (E), Mumbai. ([allindiaitr.com](https://www.allindiaitr.com/company/amore-food-technologies-private-limited/U56290MH2024PTC419605?utm_source=openai)) 2. **Amore Handicraft** – A women‑led, artisanal ceramic brand based in Khurja, India, specializing in handmade tableware and home décor such as mugs, bowls, plates, and serving dishes. ([amorehandicraft.com](https://www.amorehandicraft.com/pages/aboutus?utm_source=openai)) 3. **Trademark AMORE (Class 42)** – Registered in India by Gourmet Italian Food Company Private Limited for provision of food and drink services, temporary "
Pizza Platter Butter Paper 16*9,Branded,Pizza Platter,0.848,0.0,D,review,likely_wrong,Branded,"I searched for “Pizza Platter” as an Indian brand or seller and found the following concrete results: 1. A restaurant named **Pizza Platter** located at Old Padra Road, Sheetal Nagar, Akota, Vadodara, Gujarat – listed as a pizza restaurant (not a packaged goods seller) with address-based listing ([in.infoaboutcompanies.com](https://in.infoaboutcompanies.com/Catalog/GJ/Vadodara/Pizza-Restaurant/Pizza-Platter?utm_source=openai)). I found no evidence of a formal company, brand owner, product line, or trademark explicitly called “Pizza Platter” supplying butter paper or similar items in India."
SP Thundercrush French Fries 9mm,Branded,Thundercrush,0.0001,0.0001,D,review,likely_wrong,Branded,"I found no Indian company, seller, or trademark for the exact name “Thundercrush.” However, a similar‐looking name exists in the U.S. food service context—**Simplot’s “Thunder Crunch® Fries”**, a battered straight‑cut frozen fry product, marketed internationally ([simplotfood.com](https://www.simplotfood.com/sea/products/battered-straight-cut-fries/10071179027515?utm_source=openai)). There is also a Panama‑based **Thundercrush Corp.**, but it is inactive since 2019 and unrelated to food or India ([lei.bloomberg.com](https://lei.bloomberg.com/leis/view/5299004TIRPFFR7SNE84?utm_source=openai)). No Indian entity currently carries the name “Thundercrush” in business directories or trademark records."
XO Sauce Sticker,Branded,XO,0.5964,0.0001,D,review,likely_wrong,Branded,"Here’s what the web reveals regarding “XO” as a brand or seller—specifically within India, but also internationally: • India – Harish Makkar is the registered proprietor of a trademark “XO (LOGO)” in India under Class 30 (confectionery including chocolates), filed in February 2007 and registered as of June 7 2026, with a New Delhi address ([companyvakil.com](https://www.companyvakil.com/trademarksearch/XO-LOGO/1447775?utm_source=openai)). • India – Another Indian trademark “XO” is registered under Class 43 (services like catering, restaurants, fast foods, hotels, etc.), Application No. 2159645 filed June 14 2011, owned by Mr. Vivekanand J. Thakur ([indiafilings.com](https://www.indiafilings.com/search/xo-tm-2159645?utm_source=openai)). • India – A brand “Bechef” sells an “XO Sauce” (200 g jar) manufactured by All That Dips Pvt Ltd in Vadodara, Gujarat—indicating a product line using “XO”"
11.5x11.5 (Round) Sandhouse Butter paper (40GSM),Branded,Sandhouse,0.0028,0.0002,D,review,likely_wrong,Branded,"Here’s what I found regarding the name **Sandhouse** in the context of Indian B2B grocery or food‑service: – The name **“Sandhouse Hospitality Private Limited”** is a legally registered company (CIN U55209HR2017PTC068219), incorporated on March 20, 2017, with its registered office at Office No. G‑28, Ground Floor, Block‑A, Baani Square, Sector‑50, Gurugram (Gurgaon), Haryana ([zaubacorp.com](https://www.zaubacorp.com/SANDHOUSE-HOSPITALITY-PRIVATE-LIMITED-U55209HR2017PTC068219?utm_source=openai)). – This company operates multiple food‑service concepts—namely **Sandburgs**, **Sandhouse – All Day Diner**, and **The Canteen Project**—as described on its official website ([sandhousehospitality.com](https://sandhousehospitality.com/about-us/?utm_source=openai)). – The brand **“Sandhouse – All Day Diner”** is also a filed trademark (Class 43: café and restaurant services), applied for on April "
Outer Bag SOS 70 GSM - Snacc,Branded,Snacc,0.0001,0.0003,D,review,likely_wrong,Branded,"Here’s what the web search reveals about the name **“Snacc”** as a brand or company in India: • **Snacc (clean-label snack brand):** A privately held FMCG snack brand called *Snacc* founded by Shrey Arora, offering clean-label products such as various flavored *makhana* (foxnut) packs. The brand emphasizes ""no additives, no preservatives,"" markets online via its own website (eatsnacc.com), and sells through marketplaces like Amazon, Flipkart, JioMart, Blinkit, and Swiggy. It is based in India, with a small team (2–10 employees) ([eatsnacc.com](https://eatsnacc.com/pages/about-us?utm_source=openai)). • **LinkedIn profile confirmation:** The company is described on LinkedIn as “India’s clean-label snacking brand,” with operations focused on nuts and foxnuts, reinforcing the above details ([linkedin.com](https://www.linkedin.com/company/eat.snacc?utm_source=openai)). • **Other uses of “Snac"
Wrapper Yellow (12x12) for FLYP,Branded,FLYP,0.0007,0.0004,D,review,likely_wrong,Branded,"Here’s what the web reveals about the name **FLYP** in an Indian B2B/food-service context: • **FLYP Corporation Pvt Ltd** — Developer of the mobile app *FLYP – Built to Fly*. It offers an AI-powered supply‐chain operating system targeting Indian retailers, distributors, and product owners, headquartered in Nanded, Maharashtra, India ([play.google.com](https://play.google.com/store/apps/details?id=com.flypnow.business&utm_source=openai)). • **Funbars Hospitality Private Limited** holds a registered Indian trademark for **FLYP** (device mark) under class 43 (services for providing food and drink, temporary accommodation), filed in July 2018 and valid through July 2028, located in New Delhi ([quickcompany.in](https://www.quickcompany.in/trademarks/3882135-flyp?utm_source=openai)). • A **FLYP** trademark application in class 25 (hosiery, readymade garments, shoes) filed by Supin Kundra of *F"
EVD DAIRY WHITENER 1 KG,Branded,EVD,0.0001,0.0007,D,review,likely_wrong,Branded,"I found no evidence online that “EVD” is an established dairy‑whitener brand, company, or registered seller in India. However, I did locate a company named **EVD EMARKET PRIVATE LIMITED**, which appears to be a small, Delhi‑registered IT services firm (not food/dairy) incorporated in December 2014 and involved in ""computer‑related activities"" such as website development ([zaubacorp.com](https://www.zaubacorp.com/EVD-EMARKET-PRIVATE-LIMITED-U72900DL2014PTC263666?utm_source=openai)). I also found **EVD RESEARCH INDIA PRIVATE LIMITED**, which was incorporated in December 2018 in Pune to manufacture electrical equipment but is now listed as struck‑off ([zaubacorp.com](https://www.zaubacorp.com/EVD-RESEARCH-INDIA-PRIVATE-LIMITED-U31900PN2018PTC180684?utm_source=openai)). Neither entity is related to dairy products."
TL Hitachi UX Makeup 800ml,Branded,Hitachi,0.4263,0.0008,D,review,likely_wrong,Branded,"Here’s what the web reveals about “Hitachi” in the Indian context: SH Hitech Solutions in Pune markets a product called **“Hitachi UX Makeup 800 ml,”** describing themselves as a manufacturer and supplier of industrial solutions offering fluids, printers, spare parts, and machinery. The “Hitachi UX Makeup 800 ml” appears to be one of their branded product lines, but the company itself is titled SH Hitech Coding Private Limited and is based in Kothrud, Pune, Maharashtra ([shhitech.in](https://shhitech.in/hitachi-ux-makeup-800-ml/?utm_source=openai)). Beyond that, **several legitimate Indian companies and entities bear the name “Hitachi”:** • **Hitachi India Private Limited**, an unlisted machinery and equipment company incorporated in New Delhi in February 1997, operating across sectors like industrial machinery and electronics ([thecompanycheck.com](https://www.thecompanycheck.com/compan"
Pizza Base 8 inch Whole Wheat Pan Crust (Junos),Branded,Junos,0.1112,0.0011,D,review,likely_wrong,Branded,"Here is what I found regarding the name **“Junos”** in the context of Indian food-service or related companies: - **Juno’s Pizza**: A Mumbai‑based vegetarian fast‑casual pizza chain founded in 1974, offering pizzas, thin crusts, pasta, garlic bread, and more, all made with natural, chemical‑free ingredients. It was acquired in January 2022 by Curefoods Private Limited, a portfolio company backed by Flipkart Venture Fund and others. Headquarters in Marol, Andheri East, Mumbai, Maharashtra. ([in.linkedin.com](https://in.linkedin.com/company/junospizza?utm_source=openai)) - **Junos Gelato Private Limited**: An active private limited company incorporated on January 20, 2023, located in Canacona, Goa, with a tiny paid‑up capital (₹0.10 M) operating in the food and beverages sector—likely manufacturing. ([allindiaitr.com](https://www.allindiaitr.com/company/junos-gelato-private-limited/U15205G"
Non Veg Spring Rolls -SNACC,Branded,SNACC,0.0062,0.0015,D,review,likely_wrong,Branded,"Here’s what I found regarding the candidate name **SNACC** (as appears in your catalog: e.g., “Non Veg Spring Rolls –SNACC”): – “SNACC” is a clean‑label D2C snack brand in India, founded by **Shrey Arora** (privately held, ~2–10 employees), offering vegan, additive‑free products like foxnuts/nuts and makhana. Found online at eatsnacc.com; also on LinkedIn with similar positioning ([eatsnacc.com](https://eatsnacc.com/pages/about-us?utm_source=openai)). – The brand markets various packaged snacks (e.g., BBQ Makhana, Himalayan Salt & Pepper Makhana, Italian Makhana) via its own site, and through marketplaces such as Blinkit, Swiggy Instamart, JioMart, Flipkart, and Amazon ([eatsnacc.com](https://eatsnacc.com/?utm_source=openai)). – Another entity, **Snacc Mart**, based in Bengaluru, sources and delivers Indian namkeens made by home‑based women entrepreneurs, and is listed on platforms like "
Chicken Tikka filling-Snacc,Branded,Snacc,0.0001,0.0028,D,review,likely_wrong,Branded,"Here’s what the web reveals about the name “Snacc” in the context of India: • There is a clean-label snack brand named **SNACC**, offering products like makhana with ingredients-focused positioning (“zero additives,” “clean-label”) on a D2C website (**eatsnacc.com**) ([eatsnacc.com](https://eatsnacc.com/pages/about-us?utm_source=openai)). The site cites a founder (Shrey Arora) and sells packaged snack items across India. • A different brand, **SNACC Bars**, is positioned as India’s first clean‑label protein bar for teenagers, founded by Rayhan Khimji, with an address in Mumbai (Shivsagar Estate, Dr. A. B. Road) ([mysnacc.com](https://www.mysnacc.com/pages/faqs?utm_source=openai)). • Another entity **Snacc Mart** is based in Bengaluru; it's a snack platform and aggregator empowering women entrepreneurs, supplying hotels and listed on marketplaces like Zomato and Swiggy ([snaccmart.in](htt"
Butter Croissant-Snacc,Branded,Snacc,0.0003,0.0049,D,review,likely_wrong,Branded,"Here’s what the web reveals about the name **“Snacc”** in the Indian context: 1. **Ruchees Snack Foods Pvt. Ltd. – “SNACCO”** There is a registered trademark for **SNACCO**, owned by Ruchees Snack Foods Pvt. Ltd., covering snacks, sweets, preparations from cereals and flour (Class 30). The applicant’s address is Kolshent Road, Thane ‑ 400607, Maharashtra, and the status is **Registered** as of July 3, 2026 ([companyvakil.com](https://www.companyvakil.com/trademarksearch/SNACCO/1208795?utm_source=openai)). 2. **“Snacc” clean‑label snack brand** A D2C food brand named **Snacc** sells clean-label makhana (fox nuts) snacks online under slogans like *“India’s Clean Label Crunch”*, offering flavors such as BBQ, Italian, Peri Peri, etc. It appears consumer‑facing, with an “About Us” mentioning four generations in food industry and a founder named Shrey Arora, though no city or legal registratio"
Zukni Green,Branded,Zukni,0.0001,0.0067,D,review,likely_wrong,Branded,"Here’s what the web reveals about “Zukni” (in connection with “Zukni Green”): You have found one relevant Indian entity: Zukini International Trade Private Limited—incorporated in Delhi on 27 October 2023, active as of February 2026, with authorized capital ₹1 million and paid-up capital ₹0.1 million; located at Plot No A‑4/1, Usha Kiran Building, Azadpur, Delhi 110033, led by two directors ([allindiaitr.com](https://www.allindiaitr.com/company/zukini-international-trade-private-limited/U62091DL2023PTC422002?utm_source=openai)). No product lines or marketplace listings for “Zukni” were evident in search results. No separate trademarks or seller listings under the exact name “Zukni” appeared; however, the match “Zukini” corroborates a similarly named Indian company."
Dhania Pudina Chutney-SNACC,Branded,SNACC,0.0157,0.0073,D,review,likely_wrong,Branded,"Here’s what the web reveals about the name “SNACC” (in all caps) as a brand, company, or seller in India: 1. **Snacc – Clean‑Label Snacking Brand** There is a privately held Indian company called **Snacc**, focused on clean‑label snacks such as makhana (fox nuts) under its own brand. The brand emphasizes no additives, honest ingredients, and vegan, gluten‑free offerings, and is promoted via its website and LinkedIn. The founder is **Shrey Arora**, and the brand operates out of India. ([eatsnacc.com](https://eatsnacc.com/pages/about-us?utm_source=openai)) 2. **Snacc Bars Shop (SNACC)** Another entity called **SNACC**, styled in all caps, is a clean‑label protein‑bar brand targeting teenagers, with a website “mysnacc.com” and headquartered in **Mumbai, Maharashtra**. Founded by **Rayhan Khimji**, it specializes in high‑protein bars without preservatives or artificial sweeteners. ([mysnacc."
San Marzano - Pomace Olive Oil,Branded,San Marzano,0.0069,0.0079,D,review,likely_wrong,Branded,"Here’s what the web reveals about the name **“San Marzano”** in relation to a possible brand, company, or seller: - **San Marzano India Private Limited** — a real Indian company incorporated in December 1999 in New Delhi, classified under software publishing and consultancy; currently listed as “Struck Off.” ([zaubacorp.com](https://www.zaubacorp.com/SAN-MARZANO-INDIA-PRIVATE-LIMITED-U72200DL1999PTC101478?utm_source=openai)) - **La San Marzano** — a brand selling canned tomatoes (not in India) using the “San Marzano” name; based in the San Marzano region of Italy, but these tomatoes typically lack DOP (protected designation of origin) status. ([blork.org](https://www.blork.org/blorkblog/2026/02/16/?utm_source=openai)) - **Tutto Bene Delicatessen** (India) lists products under the name **“San Marzano Extra Virgin Olive Oil”** (both 1 L and 5 L variants, including “Ultra Superior Arbequina"
TOP COVER OF BOX 750 ML SALADSPOINT,Branded,Saladspoint,0.0002,0.0091,D,review,likely_wrong,Branded,"I found a real company called **Saladspoint** operating in India: - **Owning company / background**: Saladspoint appears to be a food‑tech / cloud kitchen brand founded and led by Anshu Raj, emerging from his earlier venture Caterspoint in 2018 ([saladspoint.com](https://saladspoint.com/?utm_source=openai)). The company serves healthy salads, oatmeal, fresh beverages, soups, spreads, and smoothies across multiple delivery-only cloud‑kitchen outlets ([saladspoint.com](https://saladspoint.com/?utm_source=openai)). - **Product lines**: Their menu includes a wide variety of fresh fruit & vegetable salads, non-vegetarian salads, egg salads, oatmeal bowls, protein porridges, healthy soups, homemade spreads (like yogurts and salsas), smoothies, and fresh juices ([saladspoint.com](https://saladspoint.com/?utm_source=openai)). - **Store / marketplace listings**: Saladspoint appears listed on deli"
SLEEVES 750 ML BAGASSE CATERSPOINT,Branded,CatersPoint,0.2095,0.0094,D,review,likely_wrong,Branded,"Here’s what my web research shows about ""CatersPoint"" in the context you described: - There is a real company named **Caterspoint Foods & Beverages Private Limited** (legal and trading name ""Caterspoint""), incorporated on August 30, 2017, in Gurgaon (Gurugram), Haryana, India, with directors Ajay Thakur and Anshu Raj, and registered under CIN U74995HR2017PTC070569 ([thecompanycheck.com](https://www.thecompanycheck.com/company/caterspoint-foods-beverages-private-limited/U74995HR2017PTC070569?utm_source=openai)). - “Caterspoint” operates as an online/cloud-kitchen–based food & beverage service, offering handcrafted healthy meals, salads, sandwiches, corporate catering, and similar products. It was founded around 2016–2017, headquartered in Gurgaon with additional presence via locations (e.g., Koramangala, Bengaluru) and operates across Delhi–NCR and other cities ([in.linkedin.com](https://"
GK-Miami Waffle Pizza Pkg Box 1PKT 100PC GK Dry 137504,Branded,GK,0.0197,0.0141,D,review,likely_wrong,Branded,"I looked into the name **“GK”** as a possible brand, company, or seller in India connected to food or grocery supply. Here’s what I found: • **Gk Mart Private Limited** – a registered private limited company (incorporated March 2, 2017) based in Ludhiana, Punjab. It operates in the Food and Beverages sector ([allindiaitr.com](https://www.allindiaitr.com/company/gk-mart-private-limited/U15490PB2017PTC046195?utm_source=openai)). • **GK International** – a packaging solutions company located in Ghaziabad, Uttar Pradesh, specializing in paper bags for sectors including Food and Beverage ([gkinternationalinc.com](https://gkinternationalinc.com/?utm_source=openai)). • **GK AGRO** – a partner supplier through DKSH, providing specialty food and beverage ingredients (raw materials, flavors, emulsifiers, etc.) in the B2B segment ([dkshdiscover.com](https://www.dkshdiscover.com/en/supplier/gk-agro?"
POCHA (MOP),Branded,POCHA,0.0072,0.0293,D,review,likely_wrong,Branded,"Here’s what the web reveals about the name **POCHA** in the Indian B2B grocery/food‑service context: - There is a historic Indian seed company, **Pocha Seeds Pvt. Ltd.**, originally incorporated in 1972 in Pune, Maharashtra. It was founded as the modern descendant of Pestonjee P. Pocha & Sons and dealt in vegetable, flower, and fruit seeds, along with garden tools and nursery products. The company has since been struck off. ([thecompanycheck.com](https://www.thecompanycheck.com/company/pocha-seeds-private-limited/U01122MH1972PTC015835?utm_source=openai)) - In trademark records, **“Rupam Pocha”** is a registered device mark (Class 21) in India owned by Rajendra Bhatia, covering “articles for cleaning purposes; cleaning article for domestic use” in Rajasthan. ([indiafilings.com](https://www.indiafilings.com/search/rupam-pocha-tm-2799953?utm_source=openai)) - Separate from India, **Pocha Li"
GK-NY Pan Cake Sp Pkg Box 1PKT 100PC GK Dry 137497,Branded,GK,0.6723,0.055,D,review,likely_wrong,Branded,"Here’s what I found online regarding the name **“GK”** in the context of food brands, companies, or sellers in India: - **GK Agro Foods Private Limited** — a food-stuffs manufacturing company incorporated on May 26, 2022, located in Madhya Pradesh, with active status as per regulatory filings ([fincrif.com](https://fincrif.com/organisation/e8ccb0f5/gk-agro-foods-private-limited-company-information?utm_source=openai)). - **GK Foods And Beverages** — a partnership firm established July 6, 2015, in Gorakhpur, Uttar Pradesh, engaged in manufacturing fruit or vegetable juices, squashes, and powders; classified as a small enterprise for FY 2023–24 ([thecompanycheck.com](https://www.thecompanycheck.com/org/gk-foods-and-beverages/fc9ac4150a?utm_source=openai)). - **K G Krishna Food Product Private Limited** — based in New Delhi (GK‑II area of Alaknanda), incorporated in January 1992; currently a"
COKE CANE,Branded,Coca-Cola,0.2878,0.0726,D,review,likely_wrong,Branded,"Here’s what I found online regarding the candidate brand/seller name ""Coca‑Cola"" in relation to ""COKE CANE"": - ""Coca‑Cola"" is a well‑established global soft drink brand owned by **The Coca‑Cola Company**, headquartered in Atlanta, Georgia, U.S. It is a registered trademark and widely recognized in India, where the company markets variants through its official Indian operations and bottlers ([en.wikipedia.org](https://en.wikipedia.org/wiki/Coca-Cola?utm_source=openai)). - The Coca‑Cola India site lists **Coca‑Cola**, **Coca‑Cola Zero Sugar**, **Diet Coke**, among other variants, confirming the brand’s active presence in the Indian market ([coca-cola.com](https://www.coca-cola.com/in/en?utm_source=openai)). - No evidence was found of any small Indian company, bakery, cloud kitchen, D2C label, or other entity using the name ""Coca‑Cola"" outside of The Coca‑Cola Company. It appears exclusivel"
Kcco Tray Big,Branded,KCCO,0.0002,0.0781,D,review,likely_wrong,Branded,"Here is what the web reveals about the name ""KCCO"" in the Indian food-service context, as a candidate brand or seller: • KCCO India Private Limited is a real company incorporated on 5 May 2018, headquartered at 446 Lane No. 4, Raja Park, Jaipur, Rajasthan (registered CIN U55205RJ2018PTC061132) ([thecompanycheck.com](https://www.thecompanycheck.com/company/kcco-india-private-limited/U55205RJ2018PTC061132?utm_source=openai)). • It operates in the accommodation and food-service sector—restaurants, catering, and ready-to-eat products—and employs around 263 people ([thecompanycheck.com](https://www.thecompanycheck.com/company/b/kcco/efd5f6859c3d42858?utm_source=openai)). • It manufactures and supplies “KCCO Ready to Eat” meals such as Butter Chicken, Laal Maas, Dal Tadka, Paneer Butter Masala, Dum Chicken Biryani, Palak Paneer, etc., with brand name “KCCO” and “Kebabs & Curries Company” appea"
Gulab Jamun (Wyn),Branded,Wyn,0.0007,0.1067,D,review,likely_wrong,Branded,"Here is what I found regarding the name **“Wyn”** as a brand or company in the Indian context: • **Wyn Brands Private Limited** — an active food & beverages company incorporated in September 2022, located in Bangalore North, Karnataka. It operates out of WeWork Latitude, Hebbal, Bangalore, with two directors and an authorized capital of ₹2.50 Cr ([allindiaitr.com](https://www.allindiaitr.com/company/wyn-brands-private-limited/U52100KA2022PTC165699?utm_source=openai)). • **WynBrands (or Wyn Brand)** — a food-tech service based in Bengaluru, founded around 2011, supplying cut and packaged vegetables to restaurants and hotels. It runs processing units in Bangalore and Hyderabad and has clients like Domino’s, KFC, and McDonald’s ([yourstory.com](https://yourstory.com/companies/wynbrands?utm_source=openai)). • **WYN – “What You Need”** — a wellness/ayurvedic nutraceutical brand based in Mumba"
Timmys Food Bag,Branded,Timmy's,0.0001,0.1461,D,review,likely_wrong,Branded,"Here’s what the web reveals about the name “Timmy’s” in the context of Indian food-service or grocery brands: 1. A trademark for “TIMMY’S” (with apostrophe) is registered in India under Class 30—covering tomato sauces—owned by Neetam Kaushal; the application was filed on August 21, 2019, and registration was journaled on February 3, 2020 ([indiafilings.com](https://www.indiafilings.com/search/timmys-tm-4271123?utm_source=openai)). 2. A closely related trademark “TIMMY” (without apostrophe) is also registered in Class 30, for a broad array of food products including bread, biscuit, cake, spices, etc.; proprietor is Shri Bharti Jain, with application filed August 17, 2013 ([indiafilings.com](https://www.indiafilings.com/search/timmy-tm-2581268?utm_source=openai)). 3. There is a café named “Timmy’s” located in Manipal, Karnataka, India—this appears to be a local café or eatery rather than a"
BANARASI LAL PEDA-200 Gms,Branded,Banarasi Lal,0.0016,0.1689,D,review,,Branded,"Here’s what the web reveals about “Banarasi Lal” as a possible brand, company, or seller: - The name **Banarasi Lal Peda** appears as a product listing on the webshop of **Shri Annapurna Sweets** (also branded as Sri Annapurna Foods), which identifies “Banarasi Lal Peda” among its signature sweets, offered nationwide from Varanasi. ([sriannapurna.in](https://sriannapurna.in/?utm_source=openai)) - **Banaras Mishthan Vikas Samiti / Banas Kashi complex**, linked to **Amul**, is cited in news sources as scaling up production of **Lal Peda** of Varanasi (under Amul branding), although without the “Banarasi Lal” naming directly. ([timesofindia.indiatimes.com](https://timesofindia.indiatimes.com/city/varanasi/banas-kashi-complex-to-make-varanasis-famed-lal-peda-and-launglata/articleshow/107769188.cms?utm_source=openai)) - Multiple traditional sweet shops in Varanasi, such as **Sri Narayan Misth"
#_# Sugar Free Chocolate Hazelnut Ice Cream Tub (125 ml) - Bina,Branded,Bina,0.0076,0.1919,D,review,,Branded,Here’s what I found regarding the name **Bina** as a brand/company/seller in India: YouTube assistant analysis and browsing
#_# Baked Oregano Cheese Matthi - Genda Phool,Branded,Genda Phool,0.0006,0.1968,D,review,,Branded,"Here’s what the web reveals about the name **“Genda Phool”** as a potential brand or company in India: • A company called **Genda Phool** operates under the legal name **Blue And White Foods Private Limited**, based in **Thane, Maharashtra**, and produces and distributes Indian sweets (mithai), including assorted mithai boxes, flavored dry fruits, and related confectionery items ([thecompanycheck.com](https://www.thecompanycheck.com/company/b/genda-phool/z8lsh1bq9h93rviwx?utm_source=openai)). • There is also an active **Genda Phool LLP**, incorporated in **December 2022**, registered in **Mumbai, Maharashtra**. It is categorized under management consultancy services, with principal partners listed as Sonam Ashok Kumar Gupta and Raj Manohar Mutreja ([zaubacorp.com](https://www.zaubacorp.com/GENDA-PHOOL-LLP-ABA-1250?utm_source=openai)). • A separate venture titled **Genda Phool** (by Flora"
"Newtrition - Lemon Ginger, 500 ML",Branded,Newtrition,0.0256,0.3702,D,review,,Branded,"I found several real entities using the name “Newtrition”: 1. NewTrition Labs — a U.S.-based performance‑nutrition brand (Northbrook, IL), offering energy shots, gels, hydration powders and marine collagen products through its website. No indication of “Lemon Ginger, 500 ML”, but clearly a legitimate company. ([newtritionlabs.com](https://newtritionlabs.com/pages/about-us?utm_source=openai)) 2. ADC Brands LLC — filed a U.S. trademark application for “NEWTRITION” in April 2026 in classes covering dietary/nutritional supplements (liquids, drink mixes, capsules, gels, etc.), currently pending. ([uspto.report](https://uspto.report/TM/99786750?utm_source=openai)) 3. BASF SE — has an active trademark application filed in 2018 for “NEWTRITION” covering dietary supplements and food supplements (under review). Also, BASF has used “Newtrition®” as a health‑solutions brand for beverages/food indust"
2 Cp-Snacc,Branded,Snacc,0.0,0.6077,A,review,,Branded,"Here’s what the web reveals about the name **“Snacc”** in the Indian B2B grocery/food‑service context: 1. A D2C snack brand called **Snacc**, based in India, markets **clean‑label snacks** such as makhana (foxnuts) and nuts. The brand emphasizes “no preservatives, no flavour enhancers,” was founded by **Shrey Arora**, and positions itself around transparency and health‑oriented snacking ([eatsnacc.com](https://eatsnacc.com/pages/about-us?utm_source=openai)). 2. A separate entity using the name appears as **“SNACC BARS SHOP”**, operated by **Raw Canvas LLP**, located at Shivsagar Estate, Dr. A. B. Road, Mumbai. This appears to be a Mumbai‑based brand offering snack bars (protein bars) and is tied to Raw Canvas LLP, incorporated in July 2022 ([mysnacc.com](https://www.mysnacc.com/?utm_source=openai)). 3. A different company, **Snacc Cosmetics**, founded in 2022 in Mumbai, operates in the b"
Kiley Soda 250 ML - SNACC,Branded,SNACC,0.0007,0.6225,A,review,,Branded,"Here’s what the web reveals about the name “SNACC” in the Indian food context: - A brand named **SNACC** exists in India as a clean‑label snacking company. It offers products like flavored makhana (fox nuts) with no additives or preservatives, emphasizing transparency and honest ingredients. It is led by founder Shrey Arora, runs a D2C website sells via marketplaces, and is positioned in the FMCG food‑and‑beverage retail sector ([eatsnacc.com](https://eatsnacc.com/pages/about-us?utm_source=openai)). - **MySnacc** (operated by Raw Canvas LLP) appears to be an ecommerce store for SNACC bars, based in Mumbai (8th Floor, Shivsagar Estate, Dr. A. B. Road, Mumbai, Maharashtra – 400018) ([mysnacc.com](https://www.mysnacc.com/?utm_source=openai)). - A trademark application exists for the similar name **SNACCO**, owned by Ruchees Snack Foods Pvt. Ltd. in Thane (Maharashtra), registered under Clas"
Jain Hing Powder,Branded,Jain,0.6826,0.6225,A,review,,Branded,"Here is what the web reveals about “Jain” as a candidate brand or seller name for “Jain Hing Powder”: - **Jain Hatras Heeng** is a longstanding, reputable hing (asafoetida) brand based in Hathras, Uttar Pradesh. It specializes in pure compounded Hathras hing offered in powder and crystal forms, with over 135 years of heritage and a website branded as “Jain Hatras Heeng.” ([hathrasheeng.com](https://hathrasheeng.com/?utm_source=openai)) - **Jain Foods (Jain Foods Flavours LLP)** is another company using “Jain” in its name, though it produces a range of spices (like turmeric, ginger, pepper, cinnamon, etc.), and does not list hing among its products. It is based in Wayanad, Kerala. ([jain-foods.com](https://www.jain-foods.com/our-products?utm_source=openai)) I found no indications of a seller simply named “Jain” marketing hing powder. Rather, “Jain Hatras Heeng” appears as the specifically"
#_# Greeting Card - Sassy Teaspoon,Branded,Sassy Teaspoon,0.0006,0.709,A,review,,Branded,"I found that **Sassy Teaspoon** is a real Indian patisserie and bakery chain, owned by The Chocolate Spoon Company Pvt. Ltd., founded by restaurateur Rachel Goenka. The brand operates multiple outlets across Mumbai and Pune—locations include Juhu, Powai, Bandra‑Kurla Complex, Nariman Point, Chembur, Koregaon Park, Goregaon East, Upper Parel, and more ([sassyteaspoon.in](https://www.sassyteaspoon.in/?utm_source=openai)). A trademark for “Sassy teaspoon Patisserie Bakery” (Class 43) was registered in Mumbai in 2016 under the proprietor The Chocolate Spoon Company Pvt. Ltd. ([indiafilings.com](https://www.indiafilings.com/search/sassy-teaspoon-patisserie-bakery-tm-3287448?utm_source=openai)). Additionally, numerous store listings and reviews confirm active operations of Sassy Teaspoon as a bakery/patisserie chain in both Mumbai and Pune ([tripadvisor.in](https://www.tripadvisor.in/Restauran"
Twinning Lemon Tea,Branded,Twinnings,0.0888,0.7549,A,review,,Branded,"Here’s what the web reveals about **“Twinnings”** as a brand/company: - **Twinings** (note the correct spelling, usually without the extra “n”) is a longstanding British tea marketer founded in 1706, currently owned by Associated British Foods; it offers a wide range of teas (black, green, herbal, fruit‑infused), including variants like lemon-flavored blends ([en.wikipedia.org](https://en.wikipedia.org/wiki/Twinings?utm_source=openai)). - In India, **Twinings India** (legally “Twinings Private Limited”) is a D2C/B2C entity headquartered in Kolkata, incorporated in July 1993; it retails black, green, herbal, and fruit teas, including lemon-related infusions ([thecompanycheck.com](https://www.thecompanycheck.com/company/b/twinings-india/2fb5ee58e0ca4f788?utm_source=openai)). - There is a registered **trademark in India** under the name “TWININGS” (application filed December 21, 2023) by R."
Paper Cup 350ml (10'' Oz) FLYP,Branded,FLYP,0.0,0.7607,A,review,,Branded,"Here is what the web reveals about the name “FLYP” in the given context: - There is a company called **Funbars Hospitality Private Limited**, based in New Delhi, which owns a **registered trademark “Flyp”** (device mark) in India (class 43: services for providing food and drink; temporary accommodation). The filing date is July 7, 2018, and it is registered through July 2028 ([quickcompany.in](https://www.quickcompany.in/trademarks/3882135-flyp?utm_source=openai)). - **Flyp (advertising):** Another entity named **FLYP** is an advertising services company headquartered in New Delhi, founded around 2010, specializing in youth marketing. This appears to be unrelated to food‐service but shares the name ([in.linkedin.com](https://in.linkedin.com/company/flyp?utm_source=openai)). - A different trademark “FLYP” (for nebulizers and medical devices) is registered in the U.S. under **Convexity Sci"
Mixed Veg Pickle (5 kg)-Snacc,Branded,Snacc,0.0241,0.7931,A,review,,Branded,"Here’s what the web reveals regarding the name **""Snacc""** in the context you provided: – There exists a D2C Indian snack brand called **Snacc**, specializing in clean‑label, additive‑free packaged snacks such as flavoured makhana. The brand is led by founder Shrey Arora, promotes “zero additives,” vegan and gluten‑free products, and is available for purchase via its site and platforms like Amazon and Instamart ([eatsnacc.com](https://eatsnacc.com/?utm_source=openai)). – Separately, **""Snacc""** was the name of an ultra‑fast food‑delivery app launched by Swiggy in January 2025, offering 10–15‑minute delivery of snacks, beverages, and ready‑to‑eat food in cities like Bengaluru, Gurugram, and Noida. The standalone app was discontinued around February 2026 due to unprofitable economics ([businessoffood.in](https://www.businessoffood.in/swiggy-shuts-down-10-15-minute-delivery-app-snacc-flags-"
#_# Eggless Chocolate Chip Pound Cake - Sweetish,Branded,Sweetish,0.0016,0.8176,A,review,,Branded,"I found a company named “Sweetish House Bakery LLP,” a food & beverages limited liability partnership based in Mumbai, Maharashtra, India, established in August 2015 and active as of March 2026; it operates in bakery & confectionery products and is located at Jolly Maker Chambers, Nariman Point, Mumbai ([thecompanycheck.com](https://www.thecompanycheck.com/company/sweetish-house-bakery-llp/AAE-6174?utm_source=openai)). I also located “Sweetish House Mafia,” a Mumbai‑based cookie and desserts brand founded in 2013 by Aakash Sethi and Neha Sethi; it specializes in cookies—double chocolate chip, Nutella sea salt, dark chocolate truffle, chocolate chip, etc.—along with brownies, cakes, milkshakes, and is present across multiple Indian cities, with funding from Adar Poonawalla and outlets in Mumbai, Bengaluru, Pune, and Kolkata ([yourstory.com](https://yourstory.com/companies/sweetish-mafia-h"
Infinite - Eggless Choco Lava Cake Premix 1 Kg Ambient 148873,Branded,Infinite,0.0,0.9857,A,accepted,,Branded,"Here’s what the web reveals about ""Infinite"" in the Indian food-service/food‑service-linked context, reported factually: • Infinite Food And Beverages Private Limited is a registered company (CIN U55209DL2018PTC341965), incorporated on 19 November 2018 and active, based in Tilak Nagar, New Delhi. It operates in the restaurants & dining activities sector. Directors include Abhishek Goyal, Gautam Juneja, Rohit Dhingra and Surendra Singh ([thecompanycheck.com](https://www.thecompanycheck.com/company/infinite-food-and-beverages-private-limited/U55209DL2018PTC341965?utm_source=openai)). • Infinite Foodcorp, based in Hyderabad, offers catering and food‑service design consultancy, corporate cafeteria services, events catering, and operates retail brands such as ""The Tiffin Box"", ""Kancham"" and ""The Darbar"" ([infinitefoodcorp.com](https://infinitefoodcorp.com/?utm_source=openai)). • Infinite Food"
GK - Infinite Food - Strawberry Smoothie Premix Powder (58 G x 15 sachet),Branded,Infinite Food,0.1312,0.9981,A,accepted,,Branded,"Here’s what the web reveals for the candidate name **Infinite Food** in the context of India: • **Infinite Foodcorp**: A Hyderabad-based food‑service solutions company, Infinite Foodcorp offers corporate catering, cafeteria management, retail food brands, event catering, and food‑service design consultancy. It does not appear to sell packaged consumables like smoothie premixes. ([infinitefoodcorp.com](https://www.infinitefoodcorp.com/?utm_source=openai)) • **Infinite Food Solutions Pvt. Ltd.** (also branded as *Infinite Foods*): Located in Ahmedabad, Gujarat, this private company (founded 2018) specializes in manufacturing food‑ and beverage‑related premixes (including milkshakes and smoothies), bakery mixes, RTE products, and beverage premixes under brand lines such as “Tecoso.” Its website emphasizes HoReCa premixes and beverage mixes. ([in.linkedin.com](https://in.linkedin.com/company"
#_# Tag - Gluten-free Paleo Cookies - Le Four,Branded,Le Four,0.0015,0.9984,A,accepted,,Branded,"I found that ""Le Four"" corresponds to an actual bakery operation in Mumbai. Specifically: Le Four is a made-to-order bakery located on Nepeansea Road, Mumbai (postal code 400026), offering cakes and brownies made in small batches, hand-packaged, with customization options for health requirements ([lefour.in](https://www.lefour.in/about?utm_source=openai)). There are Zomato listings for “Le Four” in Malabar Hill and in Santacruz West, both in Mumbai, categorized under bakery/desserts, with contact details and menus ([zomato.com](https://www.zomato.com/mumbai/le-four-3-malabar-hill/menu?utm_source=openai)). No trademark or registration information appeared clearly in search results, nor product lines beyond cakes, brownies, and desserts."
Long Note Book 200 Pgs Chandras SB,Branded,Chandra's,0.4571,0.9991,A,accepted,,Branded,"Here is what the web reveals about the candidate name “Chandra’s” in relation to the product “Long Note Book 200 Pgs Chandras SB”: - A listing on Flipkart shows notebooks branded simply as **“chandras”**, such as “chandras Blue book A4 Notebook Ruled 40 Pages (Pack of 25)” under the “Pens & Stationery” category ([flipkart.com](https://www.flipkart.com/chandras-blue-book-a4-notebook-ruled-40-pages/p/itme3c2e293148f8?utm_source=openai)). - **Chandras Notebook Distributor** appears in Bengaluru, Karnataka, listed as a local distributor located at Post Office, Stage I, Kengeri, with phone contact info ([bharatibiz.com](https://www.bharatibiz.com/chandras-notebook-distributor-088614-70259?utm_source=openai)). No incorporated company, trademark filings, or additional corporate entities explicitly named “Chandra’s” linked to stationery or notebooks were found. However, the presence of the “chan"
#_# XYLITOL Chocolate Hazelnut Icecream (600ML) - Bina,Branded,Bina,0.0056,0.9998,A,accepted,,Branded,"Here’s what the web reveals about the name ""Bina"" as a brand or seller in the context of Indian ice cream or food-service: • A Mumbai-based artisanal ice‑cream operation called **Bina’s Fresh Batch** (also styled as **Bina's Homemade Ice Cream**) exists. It began as a home kitchen venture in 2012, produces small‑batch, real‑milk ice creams (including chocolate‑hazelnut and xylitol‑based sugar‑free varieties), and operates across South Mumbai, Lower Parel, Bandra, Juhu, Kalyani Nagar, as well as Kandivali West listings on delivery platforms ([binasfreshbatchicecream.com](https://www.binasfreshbatchicecream.com/?utm_source=openai)). • On TradeIndia, a company named **Binas Homemade Icecream** established in 2006 in Mumbai is listed as manufacturer and supplier of various ice‑cream flavors (e.g., Blueberry Muffin, Red Ruby Thai, Rose Almond) under that name ([tradeindia.com](https://www.tra"
"RTE-Seths - Chinese Ready Schezwan Sauce (Frozen), 1 Kg BB0009",Branded,Seths,0.8355,0.9999,A,accepted,,Branded,"I found one business in India that uses exactly the name ""Seth’s"" as a food-related brand: - **Seth’s (B2C ready-to-eat brand by Sethwala Foods)**: A Mumbai-based supplier, Sethwala Foods, has launched a ready-to-eat global‑inspired chicken dishes line under the brand name ""Seth’s"". Their packaging—designed for frozen and ready-to-eat products—emphasizes convenience and global flavors for Indian consumers ([procreatebranding.com](https://procreatebranding.com/projects/seths/?utm_source=openai)). No trademark or listing was found for ""Seths"" in frozen Schezwan sauce specifically, nor other sellers or company names under exactly ""Seths"" connected to Indian grocery or sauces."
#_# Frozen Chonk O Rocher - Chonkers,Branded,Chonkers,0.0001,1.0,A,accepted,,Branded,"Here is what I found regarding “Chonkers” as a brand or seller name: - **Chonkers (Mumbai‑based cookie brand)** – A bakery in Mumbai offering thick, indulgent cookies such as “Chonk’o Rocher” and “OG Chocolate Chip Chonker.” Founded by siblings Karan and Chandni, it delivers pan‑India, operates online, and emphasizes fresh daily bakes using premium ingredients ([chonkers.in](https://chonkers.in/?utm_source=openai)). - **Chonkers (Andheri West eatery)** – A delivery‑only bakery/desserts outlet located in Andheri West, Mumbai (Lokhandwala), listed on platforms like Zomato and Magicpin with a 4.2 rating and address at Manisha Nagar, New Link Road ([zomato.com](https://www.zomato.com/mumbai/chonkers-7-bungalows?utm_source=openai)). No trademark or company registration details surfaced under the exact name “Chonkers,” but two distinct businesses using the name in Mumbai—one a branded cookie s"
#_# Slide Tru Hamper Box OF 4 Outer - The Tiny Tub,Branded,The Tiny Tub,0.0001,1.0,A,accepted,,Branded,"Here’s what the web reveals about the name **The Tiny Tub** in the context of Indian businesses: • **The Tiny Tub** is an active private limited company in India, officially registered as *Tiny Tub Private Limited*. It was incorporated in Mumbai, Maharashtra on 27 July 2023 (CIN: U56102MH2023PTC407600), and based in the Mittal Industrial Estate area near Andheri/JB Nagar in Mumbai ([thecompanycheck.com](https://www.thecompanycheck.com/company/tiny-tub-private-limited/U56102MH2023PTC407600?utm_source=openai)). • The directors of the company are Sanjay Sunder Alimchandani, Karan Sanjay Alimchandani, and Chandni Sanjay Alimchandani ([thecompanycheck.com](https://www.thecompanycheck.com/company/tiny-tub-private-limited/U56102MH2023PTC407600?utm_source=openai)). • The Tiny Tub operates as a bite‑sized desserts and hampers brand, with a physical store in Andheri West (Versova) and outlets/deli"
#_# Caramelo Banditos Dough - Cookie Cartel,Branded,Cookie Cartel,0.0002,1.0,A,accepted,,Branded,"I found a genuine Indian company named **Cookie Cartel**, matching the candidate brand/seller. • It is a bakery‑brand founded by **Hisham Sunesra** (also spelled Sunehra), operating from **Panchgani**, near Mumbai, Maharashtra, India. ([cookiecartel.in](https://cookiecartel.in/pages/about-us?utm_source=openai)) • Cookie Cartel specializes in **New York–style stuffed, thick, and gooey cookies**, offering product lines including flavors like *The Godfather* (Reese’s peanut butter cup & chocolate chip), *Notorious Blackie*, *El Chappo*, and others. ([cookiecartel.in](https://cookiecartel.in/pages/about-us?utm_source=openai)) • The brand operates as a **D2C dessert startup** via its own website and cloud kitchens, shipping across India with nitrogen-flushed packaging and ~30‑day shelf life. It appeared on **Shark Tank India (Season 5)**, securing ₹80 lakh for 12 % equity at a valuation of ₹6"
Finagel,Branded,Finagel,0.0002,1.0,A,accepted,,Branded,"Here’s what the web reveals about the name **Finagel**: Fine Organic Industries Limited (based in Ghatkopar East, Mumbai) lists **“Finagel Super”** as a food ingredient — specifically, a batter‑aerating agent used in sponge cakes, muffins, etc. ([fineorganics.com](https://www.fineorganics.com/product/finagel/?utm_source=openai)). A company prospectus also mentions Finagel as a developed batter‑aerating agent used to yield high‑quality sponge with good volume ([bseindia.com](https://www.bseindia.com/corporates/download/DRHP_FOIL.pdf?utm_source=openai)). Additionally, a kosher certification listing refers to “Finagel” as a **proprietary blend of esters of fatty acids**, certified under Fine Organic Industries Ltd, located in Thane, Maharashtra ([apiservice.star-k.org](https://apiservice.star-k.org/api/Loc/LoadLoc/O41B1BKI?utm_source=openai)). No other distinct brand, seller, or company nam"
Sandburgs Truffle Barbeque sauce (500 gram),Branded,Sandburgs,0.0002,1.0,A,accepted,,Branded,"Here’s what I found regarding the name **“Sandburgs”** in the context of “Sandburgs Truffle Barbeque sauce (500 gram)”: • **Sandburgs – QSR / Gourmet Burger Brand** This appears to be a well-established quick‑service restaurant (QSR) chain in India, owned by **Sandhouse Hospitality Pvt Ltd**, founded in 2015. It began as “Sandburg Shakes” and rebranded to **Sandburgs**, offering gourmet sandwiches, burgers, shakes, and sauces, with outlets across Gurugram, Delhi NCR, Chandigarh, Mohali, and Dehradun ([sandhousehospitality.com](https://sandhousehospitality.com/sandburgs/?utm_source=openai)). The company is expanding via company‑owned outlets and franchises, supported by a central kitchen in Delhi NCR ([hospitality.economictimes.indiatimes.com](https://hospitality.economictimes.indiatimes.com/amp/news/restaurants/sandhouse-hospitality-to-go-for-pre-series-round-this-year-to-fund-expansion/"
#_# Frozen OG Chocolate Chip Chonker - Chonkers,Branded,Chonkers,0.0004,1.0,A,accepted,,Branded,"I found an Indian bakery-brand called **Chonkers**, based in **Mumbai**, which specializes in oversized, indulgent cookies such as the “OG Chocolate Chip Chonker” and “Chonk'o Rocher.” Their website offers pan‑India delivery and lists multiple “Chonker” product variants ([chonkers.in](https://chonkers.in/?utm_source=openai)). Additionally, a listing on **Zomato** identifies **Chonkers** as a bakery/desserts delivery‑only outlet located in Andheri West, Mumbai, providing further evidence of a real food-service company by that name ([zomato.com](https://www.zomato.com/mumbai/chonkers-7-bungalows?utm_source=openai)). No trademarks, registrations, or alternate companies named “Chonkers” in India were identified in this search."
#_# Cacao Crispy - Ether,Branded,Ether,0.0005,1.0,A,accepted,,Branded,"I found a legitimate Indian food-related company using the name *Ether*, which is relevant given the catalog context: • **Ether Foods Private Limited** – an active food-and-beverages company headquartered in Zirakpur, Punjab, incorporated on January 6, 2022. It is registered under CIN/LLPIN U15400PB2022PTC054972 ([allindiaitr.com](https://www.allindiaitr.com/company/ether-foods-private-limited/U15400PB2022PTC054972?utm_source=openai)). I also located a strong match in the gourmet chocolate and confectionery space: • **Ether Chocolate** (legally *Gout And Arigato Private Limited*), based in Mumbai and founded in 2017. It operates as a D2C/B2C premium chocolate brand, offering items like dark chocolate bars, fudge, cakes, pralines and more ([thecompanycheck.com](https://www.thecompanycheck.com/company/b/ether-chocolate/c4d30e5c689f4866a?utm_source=openai)). This brand also features a physi"
Active X Mustard Oil 500mL,Branded,Active X,0.0003,1.0,A,accepted,,Branded,"Here’s what the web reveals about **“Active X”** in the context of Indian brands/companies or sellers: – **BD Edible Oils** markets a mustard oil product under the label **“Active X Kachhi Ghani Mustard Oil”** (including 500 mL bottles) as part of its broader edible and non‑edible oil portfolio. BD Edible Oils appears to be the owning company behind the Active X label. ([bdedibleoils.com](https://bdedibleoils.com/kachhi-ghani-mustard-oil/?utm_source=openai)) – There is **no evidence** of a separate company, D2C label, cloud kitchen, or seller named simply “Active X” associated with foods, groceries, or mustard oil in India beyond this branding by BD Edible Oils. – Additionally, there is a trademark application **“Activ‑X”** in class 5 (insecticides/pesticides), filed in June 2022 by **Heranba Industries Limited** in Maharashtra, which is unrelated to edible oils. ([indiafilings.com](http"
#_# Black Ceaser Dough - Cookie Cartel,Branded,Cookie Cartel,0.0008,1.0,A,accepted,,Branded,"Here’s what I found regarding **“Cookie Cartel”** as a brand/company/seller in India: - **Cookie Cartel** is a real Indian D2C premium cookie brand based in Panchgani (Mumbai region), founded by Hisham Sunehra. It specializes in New York-style chunky, stuffed cookies with playful names like “Black Caeser,” “Gambino Monster,” “Notorious Blackie,” “The Godfather,” and others. The company operates via cloud kitchens and its website, offering pan-India delivery ([ceovine.com](https://www.ceovine.com/cookie-cartel-secures-rs-80-lakh-investment-on-shark-tank-india?utm_source=openai)). - The brand appeared on **Shark Tank India Season 5**, where it secured an ₹80 lakh investment for 12% equity (valuation ~₹6.67 crore), gaining exposure and credibility in the D2C dessert space ([ceovine.com](https://www.ceovine.com/cookie-cartel-secures-rs-80-lakh-investment-on-shark-tank-india?utm_source=openai"
Breakfast Sugar Trust 1 Kg,Branded,Trust,0.0023,1.0,A,accepted,,Branded,"Here’s what the web reveals about the name **“Trust”** in connection with the product “Breakfast Sugar 1 Kg”: Simbhaoli Sugars Limited markets a *“Trust”* brand of specialty sugars—including breakfast sugar, icing sugar, white crystal sugar, etc.—across India under ISO- and FSSC-certified operations; the product line includes a “Breakfast” variant under the “Trust” brand ([simbhaolisugars.com](https://www.simbhaolisugars.com/files/pdffile/%20SSL%20Information%20Memorandum%20.pdf?utm_source=openai)). The company is headquartered in Noida, Uttar Pradesh, and was founded in 1933 ([stockanalysis.com](https://stockanalysis.com/quote/bom/539742/company/?utm_source=openai)). Online listings for **“Trust Breakfast Sugar 1 Kg”** appear on Indian e‑commerce platforms such as Bakeshake (Uni Ingredients, Delhi) and Vinayak De Food Mart, which sell the product labeled with brand “Trust” and sometimes"
Shudh Garhwal - Khoya Pindi 1KG,Branded,Shudh Garhwal,0.0022,1.0,A,accepted,,Branded,"Here’s what the web search reveals about the name ""Shudh Garhwal"" in the context of your catalog entry: - **Shudh Garhwal Dairy Products Private Limited**: An active private limited company incorporated on October 3, 2024, based in Noida, Uttar Pradesh. Directors include Sidharth, Ashwani Kumar, and Janice. It operates in the dairy products manufacturing sector. ([thecompanycheck.com](https://www.thecompanycheck.com/company/shudh-garhwal-dairy-products-private-limited/U10500UP2024PTC210237?utm_source=openai)) - **Shudh Garhwal F & B Private Limited**: An active private limited company registered on June 10, 2022, with its registered office in Paharganj, Central Delhi. It is engaged in manufacturing food products and beverages. ([tofler.in](https://www.tofler.in/shudh-garhwal-f-and-b-private-limited/company/U15116DL2022PTC399778?utm_source=openai)) - **Shudh Garhwal Milk Foods Private Lim"
Blue Pine Artesian Water - 750 ML - GST @18 %,Branded,Blue Pine,0.0023,1.0,A,accepted,,Branded,"I found a legitimate Indian brand **Blue Pine**, specifically associated with bottled artesian water: - **Owning company**: *Prystine Food & Beverages Pvt. Ltd.*, headquartered in New Delhi with manufacturing facilities in Kashipur (Uttarakhand) and Chandpur (Uttarakhand). It was founded around 2015. ([bluepinewater.com](https://bluepinewater.com/about-us/?utm_source=openai)) - **Product lines**: Blue Pine Natural/Artesian Water, available in multiple sizes (250 ml, 500 ml, 750 ml, 1000 ml) and packaging formats (glass and PET), with emerging “fruit aqua” flavored variants. ([hungryforever.net](https://hungryforever.net/meet-blue-pine-indias-only-artesian-water-brand/?utm_source=openai)) - **Store/marketplace listings**: Listed by TradeIndia via Mumbai-based *Saif Enterprises* offering “Blue Pine Natural Artesian Water” (500 ml, ₹16 per bottle) ([tradeindia.com](https://www.tradeindia.co"
RTE-Seths - Chinese Ready Schezwan Sauce (Frozen) 1 Kg,Branded,Seths,0.0033,1.0,A,accepted,,Branded,"I found a company in India with the name matching your candidate and relevant context: Sethwala Foods Limited (brand “SETHS”) is an Indian business established in 1987 that distributes frozen food products such as frozen green peas, frozen chicken nuggets, frozen chicken lollipop, and frozen vegetables; it appears in listings seeking distributors ([getdistributors.com](https://www.getdistributors.com/distributors/sethwala-foods-limited-147629/?utm_source=openai)). That is the only company I found using exactly the name “SETHS” in connection with frozen or processed foods."
#_# Sugar Free Coffee Almond Ice Cream Tub (125 ml) - Bina,Branded,Bina,0.0046,1.0,A,accepted,,Branded,"I found a real Indian company called “Bina’s Fresh Batch” (also styled as **Bina’s Homemade Ice Cream** or **Bina’s Home‑Made Ice Cream**) based in Mumbai, founded by someone named Bina Doshi. They produce artisanal small‑batch ice cream—including sugar‑free and xylitol‑based ranges—with flavors such as Chocolate Hazelnut, Rose Sabja, Thai Red Ruby, Spicy Guava, etc., and deliver across South Mumbai and Pune ([binasfreshbatchicecream.com](https://www.binasfreshbatchicecream.com/?utm_source=openai)). A TradeIndia listing confirms ""Binas Homemade Icecream"" as a manufacturer and supplier established in 2006 in Mumbai, offering products like Blueberry Muffin Ice Cream, Rose Almond Ice Cream, Red Ruby Thai Ice Cream, etc. ([tradeindia.com](https://www.tradeindia.com/products/bina-s-homemade-blueberry-muffin-ice-cream-4343612.html?utm_source=openai))."
#_# Cookies and Cream Ice-cream Tub (100ml) - Meemees,Branded,Meemees,0.0063,1.0,A,accepted,,Branded,"Here’s what the web reveals about the name ""Meemees"" as a brand/company/seller: Meemee’s is a real, Mumbai‑based D2C artisanal dessert brand founded by Meha Agarwal in 2019 (registered as Scoop Some More Private Limited) offering Ice Cream Tubs, Toasties, Ice Cream Cakes, and Tubsters, headquartered in Mumbai and acquired by Walko Food Company (Walko QSR) in June 2025 ([thecompanycheck.com](https://www.thecompanycheck.com/company/b/meemees/kkp039m65ocwzz9xp?utm_source=openai)). The brand’s own website features ""Cookies and Cream – Ice Cream Tub"" among its product offerings, confirming product line consistency with the catalog (including tubs, toasties, roleys, cakes) ([meemees.in](https://meemees.in/?utm_source=openai)). Walko Food Company, a Pune‑based premium dessert conglomerate (parent of NIC, Grameen Kulfi, Mimo), acquired Meemee’s in mid‑2025 to expand its artisanal dessert portfol"
#_# Sakura Blossom Gateaux (125 Gms) - Ether,Branded,Ether,0.0058,1.0,A,accepted,,Branded,"Here’s what the web reveals about the name “Ether” in the context of Indian food-service, grocery, or related sellers: • A company called “Ether Chocolate” is based in Mumbai, founded in 2017 by Gout And Arigato Private Limited. It operates as a D2C/B2C business offering premium chocolates, fudge, cakes, and confectionery products.([thecompanycheck.com](https://www.thecompanycheck.com/company/b/ether-chocolate/c4d30e5c689f4866a?utm_source=openai)) • “Ether Atelier Chocolate,” described as a desserts and bakery outlet, is listed on Zomato in Andheri West, Mumbai.([zomato.com](https://www.zomato.com/mumbai/ether-atelier-chocolate-7-bungalows?utm_source=openai)) • A trademark “ETHER AGRI” is registered in India by Ether Agri Exports Private Limited (Chennai/Telangana), covering Class 30 goods such as rice products, honey, spices, bakery mixes, and related goods.([indiafilings.com](https://w"
EASTMADE - CUMIN (JEERA) 1 KG,Branded,Eastmade,0.0191,1.0,A,accepted,,Branded,"I found a company named Eastmade Spices & Herbs Private Limited (also styled as Eastmade Spice Co.) based in Unjha, Mehsana district, Gujarat, India. It appears to be a manufacturer, exporter, processor, cultivator, and supplier of whole and ground spices—including cumin (jeera)—as well as herbs, oil seeds, psyllium products, and organic goods ([eastmade.in](https://eastmade.in/?utm_source=openai)). The company’s address is Survey No. 149, Ahmedabad‑Palanpur Highway, Village Brahmanvada, Taluka Unjha, District Mehsana, Gujarat – 384215, India. It holds active status as a private limited company incorporated in October 2015, with a CIN of U01403GJ2015PTC084848, and has registered trademarks under the name EASTMADE in several classes ([tofler.in](https://www.tofler.in/eastmade-spices-and-herbs-private-limited/company/U01403GJ2015PTC084848?utm_source=openai)). Eastmade operates its own webs"
#_# Hamper Box Of 2 Outer  - The Tiny Tub,Branded,The Tiny Tub,0.0076,1.0,A,accepted,,Branded,"Here’s what the web reveals about ""The Tiny Tub"" as a name: You’ll find a bakery‑confectionery brand called “The Tiny Tub” based in Mumbai. It sells tiny treats such as shortbreads, meringues, choco‑chip cookies, cake bites, and customizable hampers; they began around October 2020, ship pan‑India, and are present in Andheri West. Store/contact details include WhatsApp +91 93241 33989 and a location near Sakinaka, Andheri East, Mumbai ([whatshot.in](https://www.whatshot.in/mumbai/tastiest-tiniest-treats-shortbreads-meringues-choco-chip-cookies-the-tiny-tub-c-29607?utm_source=openai)). Various restaurant listings (TripAdvisor, Restaurant Guru) identify “The Tiny Tub” as a dessert‑focused eatery in Mumbai serving donuts, tiramisu, brownies, etc., with delivery options and multiple branches ([tripadvisor.com](https://www.tripadvisor.com/Restaurant_Review-g304554-d27565111-Reviews-The_Tiny_Tu"
#_# Cone - Dark Chocolate [ 120 ml ] - Getaway,Branded,Getaway,0.0967,1.0,A,accepted,,Branded,"Here’s what I located regarding the candidate name “Getaway” (or stylized “Get-A-Way”) in the context of Indian food-service or consumer brands: - “Get‑A‑Way” (also styled as “GetAWay Ice Cream & Desserts”) is a genuine D2C food brand based in Mumbai, founded in 2018 by Jash Shah and Pashmi Shah, focusing on high-protein, zero‑sugar ice creams, pops, cheesecakes, and kulfis. It was acquired by Heritage Foods in October 2025 ([thecompanycheck.com](https://www.thecompanycheck.com/company/b/getaway/8lvdysvjd71poxcl3?utm_source=openai)). - The company offers ice‑cream bars, keto-friendly cheesecakes, vegan ice pops, and similar novelty dessert products, and distributes via platforms such as Swiggy, Zomato, Blinkit, Instamart, Zepto, and various supermarkets; they have presence in over 40 cities across India and operate ice‑cream parlours in several additional locations ([getawaydesserts.com]"
BLACK PAPER,Unbranded,,0.148,1.0,A,accepted,,Unbranded,"Here’s what the web indicates regarding the name “BLACK PAPER” as a brand, company, or seller in India: - TradeIndia lists a product titled “Black Paper – 120 Gsm, Extra Black, Acid‑Free…” sold by Foremost Agencies located in New Delhi; here “Black Paper” is the product, not the brand name, and the brand is “Campap” ([tradeindia.com](https://www.tradeindia.com/products/black-paper-2245705.html?utm_source=openai)). - NIOX Speciality Paper Mills of Ahmedabad, Gujarat, describe themselves as “the only manufacturer of black paper in India,” offering a “Black Paper” product under their own brand “NIOX” ([paperindex.com](https://www.paperindex.com/product-details/black-paper/68429?utm_source=openai)). - On GlobalLinker, “surya agro impex” (Nanded, Maharashtra) sells “Black Paper” as a product (120‑300 GSM) but does not specify any brand name ([globallinker.com](https://www.globallinker.com/pro"
#_# Caramelo Banditos Sticker - Cookie Cartel,Branded,Cookie Cartel,0.1624,1.0,A,accepted,,Branded,"Here’s what the web reveals about **“Cookie Cartel”** as a brand/company/seller in India: • **Owning company, products, location**: Cookie Cartel operates as a Mumbai‑based premium cookie brand, founded by Hisham Sunehra, specializing in oversized, New York‑style cookies with indulgent fillings. They run a central kitchen plus six cloud kitchens in Mumbai and ship pan‑India from Panchgani (CTS 414, Sydney Point, Wai‑Panchgani Road, Maharashtra) ([ceovine.com](https://www.ceovine.com/cookie-cartel-secures-rs-80-lakh-investment-on-shark-tank-india?utm_source=openai)). • **Product lines and offerings**: They offer stuffed cookies like “Notorious Blackie” (Nutella sea salt chocolate chip), “El Chappo” (Lotus Biscoff & white chocolate), “The Godfather” (Reese’s Cup), others like “Black Caesar,” with egg and eggless options and branded bundles (e.g., Shark Tanks favourites) ([cookiecartel.in]("
#_# Guava Pop (70 ML) - Noto,Branded,Noto,0.4036,1.0,A,accepted,,Branded,"Here’s what the web reveals about “Noto” as a brand or company in India: 1. “NOTO” is a registered D2C dessert brand in India, founded in **2019**, headquartered in **Mumbai**, operating under the legal entity **KAVV Foods Private Limited** ([thecompanycheck.com](https://www.thecompanycheck.com/company/b/noto/pws95ldxpij9colyz?utm_source=openai)). It offers healthy frozen treats—ice creams, popsicles, mini bites, tubs, vegan options—often positioned as low‑calorie, high‑protein, vegan, gluten‑free, or keto‑friendly products ([snapshot.one21.ai](https://snapshot.one21.ai/organization/noto?utm_source=openai)). 2. The brand is prominently present across multiple quick-commerce and aggregator platforms (Swiggy, Zomato, Blinkit, Instamart, Flipkart etc.) and sells direct-to-consumer via its own website **eatnoto.com** ([snapshot.one21.ai](https://snapshot.one21.ai/organization/noto?utm_source"
3 EASTMADE - BLACK PAPER WHOLE (KALI MIRCH),Branded,Eastmade,0.4883,1.0,A,accepted,,Branded,"Here’s what I found about the name **Eastmade** as it appears in your catalog: Eastmade corresponds to a legitimate Indian company — **Eastmade Spices & Herbs Private Limited** (also known commercially as Eastmade Spice Co.). It is incorporated in **October 2015**, based in **Village Brahmanwada, Unjha, District Mehsana, Gujarat, India** ([allindiaitr.com](https://www.allindiaitr.com/company/eastmade-spices-and-herbs-private-limited/U01403GJ2015PTC084848?utm_source=openai)). This firm manufactures, processes, exports, and retails a wide array of **whole and ground spices** (including black pepper, cumin, nigella seeds, coriander, turmeric, chili), **herbs**, **oil seeds**, and **psyllium-related products**, offering both **organic and conventional** lines ([eastmadespices.com](https://www.eastmadespices.com/?utm_source=openai)). The company operates from a **6,000 sqm state-of-the-art fa"
Kumatia,Unbranded,,0.5039,1.0,A,accepted,,Unbranded,"I found no indication of a company, brand, seller, or trademark registered under the name ""Kumatia"" in India beyond its use as a generic ingredient name (""kumathiya"" or ""kumatiya"") that refers to certain traditional dried vegetable items used in Rajasthani cuisine. For instance: • The e‑commerce site CareQue / Nishtha Exports lists a product called “Dried Kumatia‑Kumathiya” (कुमटिया) as a grocery item, but this appears to be a descriptive listing of an ingredient, not a brand or company name. ([careque.in](https://careque.in/products/dried-kumatia?utm_source=openai)) • Sidhi Marwadi sells “Kumathiya 200 g” (also known as Kumatiya) as a traditional Rajasthani dry vegetable ingredient, legally packaged and sold under the Sidhi Marwadi brand. ([sidhimarwadi.com](https://sidhimarwadi.com/products/kumathiya-rajasthani-dry-vegetable-200g-sidhi-marwadi?utm_source=openai)) No third-party company"
A-005 Grill and Oven Cleaner ACTON,Branded,ACTON,0.6584,1.0,A,accepted,,Branded,"Here’s what my web search uncovered about the name **ACTON** in the context of grill and oven cleaner in India: - There is a company called **Acton Labs** (operating as *Acton*), which appears to be an Indian manufacturer of industrial and institutional cleaning products, including a **Grill and Oven Cleaner (A‑005)**, along with other items in their “Kitchencare” line (such as multisurface cleaners, descalers, sanitizers) ([actonlabs.in](https://actonlabs.in/product/grill-and-oven-cleaner-a-005/?utm_source=openai)). - The Acton Labs website lists numerous product lines under the Acton brand—Kitchencare, Food & Beverage cleaning, housekeeping, healthcare—with Grill and Oven Cleaner specifically catalogued as product A‑005 ([actonlabs.in](https://actonlabs.in/product/grill-and-oven-cleaner-a-005/?utm_source=openai)). - Additionally, a **Goa-based retailer** named **Vikas Enterprises** lis"
#_# The Godfather (Reeses peanut butter cup) Cookie Dough - Cookie Cartel,Branded,Cookie Cartel,0.6619,1.0,A,accepted,,Branded,"Here’s what the web reveals about ""Cookie Cartel"" in the Indian B2B grocery/food‑service catalog context: - **Company / Brand Name & Location** *Cookie Cartel* is a real, premium direct‑to‑consumer cookie brand based in India, founded by **Hisham Sunesra** and headquartered in **Panchgani/Mumbai, Maharashtra** ([viestories.com](https://viestories.com/shark-tank/shark-tank-india/cookie-cartel-on-shark-tank-india-11069372?utm_source=openai)). - **Product Lines** The brand specializes in **New York‑style chunky, gooey, stuffed cookies**, including distinctive offerings like “The Godfather” (Reese’s peanut butter cup & chocolate chip), “Notorious Blackie,” “Griselda’s Red Velvet,” etc. ([cookiecartel.in](https://cookiecartel.in/collections/cookies?utm_source=openai)). - **Operational Model** Cookie Cartel operates via **its own website**, uses an **asset‑light cloud‑kitchen model**, and ship"
STICKER SALAD,Unbranded,,0.728,1.0,A,accepted,,Unbranded,"I searched for **""STICKER SALAD""** as a brand or seller in India. 1. No evidence of any company, brand, seller, or listing matching the name **""Sticker Salad""** could be found in Indian business directories, marketplaces, or trademark databases. 2. The search also did not return any trademark filings under **""Sticker Salad""** in India (via Indian Trademark Registry tools) or any mentions of a business by that name. Thus, although seller names in the catalog sometimes tag unrelated items, in this case there appears to be **no real company or brand registered as “Sticker Salad.”**"
Teqila Blanco Don Angel 750 Ml,Branded,Don Angel,0.7402,1.0,A,accepted,,Branded,"I located several real-product listings for ""Don Angel"" that confirm it exists as a tequila brand—not necessarily an Indian seller, but as a recognized label: - ""Don Angel Tequila Blanco"" appears on international retail sites such as Distiller (identifying it as an unaged, 38 % ABV tequila distilled and bottled in Mexico) ([distiller.com](https://distiller.com/spirits/don-angel-tequila-blanco?utm_source=openai)), on masterofmalt.com (70 cl, 38 %) ([masterofmalt.com](https://www.masterofmalt.com/tequila/don-angel/don-angel-tequila-blanco/?utm_source=openai)), and on LiquorSAI pricing database showing it as a Mexico‑origin brand with Blanco, Reposado and Oro variants, founded around 1950 in Jalisco ([liquorsai.com](https://liquorsai.com/brand/don-angel?utm_source=openai)). - Indian state excise price sheets list ""Don Angel Tequila Blanco Rare Reserve"" (750 ml and 1000 ml) with detailed pri"
#_# Griselda's Red Velvet Sticker (Eggless) - Cookie Cartel,Branded,Cookie Cartel,0.7432,1.0,A,accepted,,Branded,"Here is what the web shows regarding *“Cookie Cartel”* as found in your catalog: • **Cookie Cartel** is a real Indian brand—a Mumbai- or Panchgani-based premium D2C bakery specializing in thick, New York–style chunky and stuffed cookies, sold via cloud kitchens and online. It was founded by Hisham Sunehra and featured on *Shark Tank India* Season 5, where it secured ₹80 lakh for 12% equity, valuing the brand at ₹6.67 crore ([ceovine.com](https://www.ceovine.com/cookie-cartel-secures-rs-80-lakh-investment-on-shark-tank-india?utm_source=openai)). • The brand operates through a network of cloud kitchens (six in Mumbai) centered on a central kitchen model, ships across India with nitrogen-flushed, oxygen-barrier packaging (30‑day shelf life), and sells via its website and food aggregators like Swiggy and Zomato ([ceovine.com](https://www.ceovine.com/cookie-cartel-secures-rs-80-lakh-investmen"
Fryola Oil,Branded,Fryola,0.7217,1.0,A,accepted,,Branded,"Here’s what the web reveals about the candidate brand name **“Fryola”**: 1. **Trademark Registration** — “FRYOLA” is a registered trademark owned by **Adani Wilmar Limited**, classified in Class 29 for edible oil, refined vegetable oil, and vanaspati. It was applied for on January 6, 2009, and registered as of May 16, 2010. ([indiafilings.com](https://www.indiafilings.com/search/fryola-tm-1771262?utm_source=openai)) 2. **Product Lines and Ownership** — Adani Wilmar markets **Fortune Fryola** frying oils under their Fortune brand umbrella, including variants like refined palmolein oil, sunflower oil, and soybean oil tailored for B2B and HoReCa segments, with packaging ranging from pouches to large HDPE barrels. ([awl.in](https://www.awl.in/b2b-solutions/?utm_source=openai)) — Additional filings by AWL list “Fryola” among their packaged FMCG edible oil brands alongside Fortune, King’s, Raa"
#_# Pink Dome Box 1/2 Kg - Sassy Teaspoon,Branded,Sassy Teaspoon,0.8105,1.0,A,accepted,,Branded,"Here’s what the web reveals about “Sassy Teaspoon” as a brand or seller: Sassy Teaspoon is a real chain of cafés, pâtisseries, and bakeries operating across Mumbai and Pune in India. It’s part of The Chocolate Spoon Company Private Limited, founded by Rachel Goenka, which also owns other brands like The Sassy Spoon, House of Mandarin, Baraza Bars & Bites, and Wicked China ([in.linkedin.com](https://in.linkedin.com/company/the-chocolate-spoon-company-private-limited?utm_source=openai)). The brand offers designer cakes, pastries, brownies, macarons, cupcakes and more. It was launched in 2016 and now spans around 10 locations across Mumbai and Pune—including outlets in Juhu Tara Road (Juhu), Powai, Bandra Kurla Complex (BKC), Nariman Point, Chembur, Koregaon Park (Pune), Yerawada (Ishanya Mall), Goregaon East (Oberoi Mall) and others ([sassyteaspoon.in](https://www.sassyteaspoon.in/?utm_sou"
